26/10/18,16:35:05,,,,,,,,,,,,,,,,,,,,,,,,,,,0,0.16909363366666663,,,,,,,,,,,,,,,,,,,,,,,,,,,,,,,,,,,,
26/10/18,16:35:18,,,,,,,,,,,,,,,,,,,,,,,,,,,0,1.2102626046666667,,,,,,,,,,,,,,,,,,,,,,,,,,,,,,,,,,,,
26/10/18,16:35:35,,,,,,,,,,,,,,,,,,,,,,,,,,,1,1.904375252,,,,,,,,,,,,,,,,,,,,,,,,,,,,,,,,,,,,
26/10/18,16:35:48,,,,,,,,,,,,,,,,,,,,,,,,,,,2,2.945544223,,,,,,,,,,,,,,,,,,,,,,,,,,,,,,,,,,,,
26/10/18,16:36:05,,,,,,,,,,,,,,,,,,,,,,,,,,,3,3.986713194,,,,,,,,,,,,,,,,,,,,,,,,,,,,,,,,,,,,
26/10/18,16:36:18,,,,,,,,,,,,,,,,,,,,,,,,,,,3,4.333769517666667,,,,,,,,,,,,,,,,,,,,,,,,,,,,,,,,,,,,
26/10/18,16:36:35,,,,,,,,,,,,,,,,,,,,,,,,,,,4,5.5484666505,,,,,,,,,,,,,,,,,,,,,,,,,,,,,,,,,,,,
26/10/18,16:36:48,,,,,,,,,,,,,,,,,,,,,,,,,,,5,6.069051136000001,,,,,,,,,,,,,,,,,,,,,,,,,,,,,,,,,,,,
26/10/18,16:37:05,,,,,,,,,,,,,,,,,,,,,,,,,,,6,7.110220107,,,,,,,,,,,,,,,,,,,,,,,,,,,,,,,,,,,,
26/10/18,16:37:18,,,,,,,,,,,,,,,,,,,,,,,,,,,6,7.804332754333334,,,,,,,,,,,,,,,,,,,,,,,,,,,,,,,,,,,,
26/10/18,16:37:35,,,,,,,,,,,,,,,,,,,,,,,,,,,7,8.151389078,,,,,,,,,,,,,,,,,,,,,,,,,,,,,,,,,,,,
26/10/18,16:37:48,,,,,,,,,,,,,,,,,,,,,,,,,,,7,8.845501725333333,,,,,,,,,,,,,,,,,,,,,,,,,,,,,,,,,,,,
26/10/18,16:38:05,,,,,,,,,,,,,,,,,,,,,,,,,,,8,9.886670696333333,,,,,,,,,,,,,,,,,,,,,,,,,,,,,,,,,,,,
26/10/18,16:38:18,,,,,,,,,,,,,,,,,,,,,,,,,,,9,10.580783343666669,,,,,,,,,,,,,,,,,,,,,,,,,,,,,,,,,,,,
26/10/18,16:38:35,,,,,,,,,,,,,,,,,,,,,,,,,,,9,10.7543115055,,,,,,,,,,,,,,,,,,,,,,,,,,,,,,,,,,,,
26/10/18,16:38:48,,,,,,,,,,,,,,,,,,,,,,,,,,,10,11.969008638333333,,,,,,,,,,,,,,,,,,,,,,,,,,,,,,,,,,,,
26/10/18,16:39:05,,,,,,,,,,,,,,,,,,,,,,,,,,,11,12.316064962,,,,,,,,,,,,,,,,,,,,,,,,,,,,,,,,,,,,
26/10/18,16:39:18,,,,,,,,,,,,,,,,,,,,,,,,,,,11,13.010177609333333,,,,,,,,,,,,,,,,,,,,,,,,,,,,,,,,,,,,
26/10/18,16:39:35,,,,,,,,,,,,,,,,,,,,,,,,,,,12,13.617526175750001,,,,,,,,,,,,,,,,,,,,,,,,,,,,,,,,,,,,
26/10/18,16:39:48,,,,,,,,,,,,,,,,,,,,,,,,,,,13,14.398402904000001,,,,,,,,,,,,,,,,,,,,,,,,,,,,,,,,,,,,
26/10/18,16:40:05,,,,,,,,,,,,,,,,,,,,,,,,,,,13,14.398402904000001,,,,,,,,,,,,,,,,,,,,,,,,,,,,,,,,,,,,
26/10/18,16:40:18,,,,,,,,,,,,,,,,,,,,,,,,,,,14,15.439571875,,,,,,,,,,,,,,,,,,,,,,,,,,,,,,,,,,,,
26/10/18,16:40:35,,,,,,,,,,,,,,,,,,,,,,,,,,,14,15.699864117750002,,,,,,,,,,,,,,,,,,,,,,,,,,,,,,,,,,,,
26/10/18,16:40:48,,,,,,,,,,,,,,,,,,,,,,,,,,,15,16.480740846,,,,,,,,,,,,,,,,,,,,,,,,,,,,,,,,,,,,
26/10/18,16:41:05,,,,,,,,,,,,,,,,,,,,,,,,,,,15,16.827797169666667,,,,,,,,,,,,,,,,,,,,,,,,,,,,,,,,,,,,
26/10/18,16:41:18,,,,,,,,,,,,,,,,,,,,,,,,,,,16,17.521909817,,,,,,,,,,,,,,,,,,,,,,,,,,,,,,,,,,,,
26/10/18,16:41:35,,,,,,,,,,,,,,,,,,,,,,,,,,,16,18.0424943025,,,,,,,,,,,,,,,,,,,,,,,,,,,,,,,,,,,,
26/10/18,16:41:48,,,,,,,,,,,,,,,,,,,,,,,,,,,17,18.563078788000002,,,,,,,,,,,,,,,,,,,,,,,,,,,,,,,,,,,,
26/10/18,16:42:05,,,,,,,,,,,,,,,,,,,,,,,,,,,17,18.910135111666666,,,,,,,,,,,,,,,,,,,,,,,,,,,,,,,,,,,,
26/10/18,16:42:18,,,,,,,,,,,,,,,,,,,,,,,,,,,18,19.604247759,,,,,,,,,,,,,,,,,,,,,,,,,,,,,,,,,,,,
26/10/18,16:42:35,,,,,,,,,,,,,,,,,,,,,,,,,,,18,19.86454000175,,,,,,,,,,,,,,,,,,,,,,,,,,,,,,,,,,,,
26/10/18,16:42:48,,,,,,,,,,,,,,,,,,,,,,,,,,,18,20.298360406333337,,,,,,,,,,,,,,,,,,,,,,,,,,,,,,,,,,,,
26/10/18,16:43:05,,,,,,,,,,,,,,,,,,,,,,,,,,,19,20.64541673,,,,,,,,,,,,,,,,,,,,,,,,,,,,,,,,,,,,
26/10/18,16:43:18,,,,,,,,,,,,,,,,,,,,,,,,,,,19,21.339529377333335,,,,,,,,,,,,,,,,,,,,,,,,,,,,,,,,,,,,
26/10/18,16:43:35,,,,,,,,,,,,,,,,,,,,,,,,,,,20,21.686585701000002,,,,,,,,,,,,,,,,,,,,,,,,,,,,,,,,,,,,
26/10/18,16:43:48,,,,,,,,,,,,,,,,,,,,,,,,,,,20,22.033642024666666,,,,,,,,,,,,,,,,,,,,,,,,,,,,,,,,,,,,
26/10/18,16:44:05,,,,,,,,,,,,,,,,,,,,,,,,,,,21,22.727754672,,,,,,,,,,,,,,,,,,,,,,,,,,,,,,,,,,,,
26/10/18,16:44:18,,,,,,,,,,,,,,,,,,,,,,,,,,,21,22.727754672,,,,,,,,,,,,,,,,,,,,,,,,,,,,,,,,,,,,
26/10/18,16:44:27,,,,,,,,,,,,,,,,,,,,,,,,,,,21,22.727754672,,,,,,,,,,,,,,,,,,,,,,,,,,,,,,,,,,,,
26/10/18,16:44:35,,,,,,,,,,,,,,,,,,,,,,,,,,,22,23.768923643,,,,,,,,,,,,,,,,,,,,,,,,,,,,,,,,,,,,
26/10/18,16:44:48,,,,,,,,,,,,,,,,,,,,,,,,,,,22,23.768923643,,,,,,,,,,,,,,,,,,,,,,,,,,,,,,,,,,,,
26/10/18,16:44:57,,,,,,,,,,,,,,,,,,,,,,,,,,,22,23.768923643,,,,,,,,,,,,,,,,,,,,,,,,,,,,,,,,,,,,
26/10/18,16:45:05,,,,,,,,,,,,,,,,,,,,,,,,,,,22,23.768923643,,,,,,,,,,,,,,,,,,,,,,,,,,,,,,,,,,,,
26/10/18,16:45:18,,,,,,,,,,,,,,,,,,,,,,,,,,,23,24.810092614000002,,,,,,,,,,,,,,,,,,,,,,,,,,,,,,,,,,,,
26/10/18,16:45:27,,,,,,,,,,,,,,,,,,,,,,,,,,,23,24.810092614000002,,,,,,,,,,,,,,,,,,,,,,,,,,,,,,,,,,,,
26/10/18,16:45:35,,,,,,,,,,,,,,,,,,,,,,,,,,,23,24.810092614000002,,,,,,,,,,,,,,,,,,,,,,,,,,,,,,,,,,,,
26/10/18,16:45:48,,,,,,,,,,,,,,,,,,,,,,,,,,,23,24.810092614000002,,,,,,,,,,,,,,,,,,,,,,,,,,,,,,,,,,,,
26/10/18,16:45:57,,,,,,,,,,,,,,,,,,,,,,,,,,,24,25.851261585,,,,,,,,,,,,,,,,,,,,,,,,,,,,,,,,,,,,
26/10/18,16:46:05,,,,,,,,,,,,,,,,,,,,,,,,,,,24,25.851261585,,,,,,,,,,,,,,,,,,,,,,,,,,,,,,,,,,,,
26/10/18,16:46:18,,,,,,,,,,,,,,,,,,,,,,,,,,,24,25.851261585,,,,,,,,,,,,,,,,,,,,,,,,,,,,,,,,,,,,
26/10/18,16:46:27,,,,,,,,,,,,,,,,,,,,,,,,,,,24,26.371846070500002,,,,,,,,,,,,,,,,,,,,,,,,,,,,,,,,,,,,
26/10/18,16:46:35,,,,,,,,,,,,,,,,,,,,,,,,,,,24,25.851261585,,,,,,,,,,,,,,,,,,,,,,,,,,,,,,,,,,,,
26/10/18,16:46:48,,,,,,,,,,,,,,,,,,,,,,,,,,,25,26.892430556,,,,,,,,,,,,,,,,,,,,,,,,,,,,,,,,,,,,
26/10/18,16:46:57,,,,,,,,,,,,,,,,,,,,,,,,,,,25,26.892430556,,,,,,,,,,,,,,,,,,,,,,,,,,,,,,,,,,,,
26/10/18,16:47:05,,,,,,,,,,,,,,,,,,,,,,,,,,,25,26.892430556,,,,,,,,,,,,,,,,,,,,,,,,,,,,,,,,,,,,
26/10/18,16:47:18,,,,,,,,,,,,,,,,,,,,,,,,,,,25,27.586543203333335,,,,,,,,,,,,,,,,,,,,,,,,,,,,,,,,,,,,
26/10/18,16:47:27,,,,,,,,,,,,,,,,,,,,,,,,,,,26,27.933599527000002,,,,,,,,,,,,,,,,,,,,,,,,,,,,,,,,,,,,
26/10/18,16:47:35,,,,,,,,,,,,,,,,,,,,,,,,,,,26,27.933599527000002,,,,,,,,,,,,,,,,,,,,,,,,,,,,,,,,,,,,
26/10/18,16:47:48,,,,,,,,,,,,,,,,,,,,,,,,,,,26,27.933599527000002,,,,,,,,,,,,,,,,,,,,,,,,,,,,,,,,,,,,
26/10/18,16:47:57,,,,,,,,,,,,,,,,,,,,,,,,,,,26,28.4541840125,,,,,,,,,,,,,,,,,,,,,,,,,,,,,,,,,,,,
26/10/18,16:48:05,,,,,,,,,,,,,,,,,,,,,,,,,,,26,27.933599527000002,,,,,,,,,,,,,,,,,,,,,,,,,,,,,,,,,,,,
26/10/18,16:48:18,,,,,,,,,,,,,,,,,,,,,,,,,,,27,28.974768498000003,,,,,,,,,,,,,,,,,,,,,,,,,,,,,,,,,,,,
26/10/18,16:48:27,,,,,,,,,,,,,,,,,,,,,,,,,,,27,28.974768498000003,,,,,,,,,,,,,,,,,,,,,,,,,,,,,,,,,,,,
26/10/18,16:48:35,,,,,,,,,,,,,,,,,,,,,,,,,,,27,28.974768498000003,,,,,,,,,,,,,,,,,,,,,,,,,,,,,,,,,,,,
26/10/18,16:48:48,,,,,,,,,,,,,,,,,,,,,,,,,,,27,29.668881145333337,,,,,,,,,,,,,,,,,,,,,,,,,,,,,,,,,,,,
26/10/18,16:48:57,,,,,,,,,,,,,,,,,,,,,,,,,,,28,30.015937469,,,,,,,,,,,,,,,,,,,,,,,,,,,,,,,,,,,,
26/10/18,16:49:05,,,,,,,,,,,,,,,,,,,,,,,,,,,28,30.015937469,,,,,,,,,,,,,,,,,,,,,,,,,,,,,,,,,,,,
26/10/18,16:49:18,,,,,,,,,,,,,,,,,,,,,,,,,,,28,30.015937469,,,,,,,,,,,,,,,,,,,,,,,,,,,,,,,,,,,,
26/10/18,16:49:27,,,,,,,,,,,,,,,,,,,,,,,,,,,28,30.015937469,,,,,,,,,,,,,,,,,,,,,,,,,,,,,,,,,,,,
26/10/18,16:49:35,,,,,,,,,,,,,,,,,,,,,,,,,,,28,30.015937469,,,,,,,,,,,,,,,,,,,,,,,,,,,,,,,,,,,,
26/10/18,16:49:48,,,,,,,,,,,,,,,,,,,,,,,,,,,29,31.057106440000002,,,,,,,,,,,,,,,,,,,,,,,,,,,,,,,,,,,,
26/10/18,16:49:57,,,,,,,,,,,,,,,,,,,,,,,,,,,29,31.057106440000002,,,,,,,,,,,,,,,,,,,,,,,,,,,,,,,,,,,,
26/10/18,16:50:05,,,,,,,,,,,,,,,,,,,,,,,,,,,29,31.057106440000002,,,,,,,,,,,,,,,,,,,,,,,,,,,,,,,,,,,,
26/10/18,16:50:18,,,,,,,,,,,,,,,,,,,,,,,,,,,29,31.057106440000002,,,,,,,,,,,,,,,,,,,,,,,,,,,,,,,,,,,,
26/10/18,16:50:27,,,,,,,,,,,,,,,,,,,,,,,,,,,29,31.057106440000002,,,,,,,,,,,,,,,,,,,,,,,,,,,,,,,,,,,,
26/10/18,16:50:35,,,,,,,,,,,,,,,,,,,,,,,,,,,30,32.098275411,,,,,,,,,,,,,,,,,,,,,,,,,,,,,,,,,,,,
26/10/18,16:50:48,,,,,,,,,,,,,,,,,,,,,,,,,,,30,32.098275411,,,,,,,,,,,,,,,,,,,,,,,,,,,,,,,,,,,,
26/10/18,16:50:57,,,,,,,,,,,,,,,,,,,,,,,,,,,30,32.098275411,,,,,,,,,,,,,,,,,,,,,,,,,,,,,,,,,,,,
26/10/18,16:51:05,,,,,,,,,,,,,,,,,,,,,,,,,,,30,32.098275411,,,,,,,,,,,,,,,,,,,,,,,,,,,,,,,,,,,,
26/10/18,16:51:18,,,,,,,,,,,,,,,,,,,,,,,,,,,30,32.098275411,,,,,,,,,,,,,,,,,,,,,,,,,,,,,,,,,,,,
26/10/18,16:51:27,,,,,,,,,,,,,,,,,,,,,,,,,,,31,33.139444382,,,,,,,,,,,,,,,,,,,,,,,,,,,,,,,,,,,,
26/10/18,16:51:35,,,,,,,,,,,,,,,,,,,,,,,,,,,31,33.139444382,,,,,,,,,,,,,,,,,,,,,,,,,,,,,,,,,,,,
26/10/18,16:51:48,,,,,,,,,,,,,,,,,,,,,,,,,,,31,33.139444382,,,,,,,,,,,,,,,,,,,,,,,,,,,,,,,,,,,,
26/10/18,16:51:57,,,,,,,,,,,,,,,,,,,,,,,,,,,31,33.139444382,,,,,,,,,,,,,,,,,,,,,,,,,,,,,,,,,,,,
26/10/18,16:52:05,,,,,,,,,,,,,,,,,,,,,,,,,,,31,33.139444382,,,,,,,,,,,,,,,,,,,,,,,,,,,,,,,,,,,,
26/10/18,16:52:18,,,,,,,,,,,,,,,,,,,,,,,,,,,31,33.486500705666664,,,,,,,,,,,,,,,,,,,,,,,,,,,,,,,,,,,,
26/10/18,16:52:27,,,,,,,,,,,,,,,,,,,,,,,,,,,32,34.180613353,,,,,,,,,,,,,,,,,,,,,,,,,,,,,,,,,,,,
26/10/18,16:52:35,,,,,,,,,,,,,,,,,,,,,,,,,,,32,34.180613353,,,,,,,,,,,,,,,,,,,,,,,,,,,,,,,,,,,,
26/10/18,16:52:48,,,,,,,,,,,,,,,,,,,,,,,,,,,32,34.180613353,,,,,,,,,,,,,,,,,,,,,,,,,,,,,,,,,,,,
26/10/18,16:52:57,,,,,,,,,,,,,,,,,,,,,,,,,,,32,34.180613353,,,,,,,,,,,,,,,,,,,,,,,,,,,,,,,,,,,,
26/10/18,16:53:05,,,,,,,,,,,,,,,,,,,,,,,,,,,33,35.221782323999996,,,,,,,,,,,,,,,,,,,,,,,,,,,,,,,,,,,,
26/10/18,16:53:18,,,,,,,,,,,,,,,,,,,,,,,,,,,32,34.87472600033333,,,,,,,,,,,,,,,,,,,,,,,,,,,,,,,,,,,,
26/10/18,16:53:27,,,,,,,,,,,,,,,,,,,,,,,,,,,33,35.221782323999996,,,,,,,,,,,,,,,,,,,,,,,,,,,,,,,,,,,,
26/10/18,16:53:35,,,,,,,,,,,,,,,,,,,,,,,,,,,33,35.221782323999996,,,,,,,,,,,,,,,,,,,,,,,,,,,,,,,,,,,,
26/10/18,16:53:48,,,,,,,,,,,,,,,,,,,,,,,,,,,33,35.221782323999996,,,,,,,,,,,,,,,,,,,,,,,,,,,,,,,,,,,,
26/10/18,16:53:56,,,,,,,,,,,,,,,,,,,,,,,,,,,33,35.221782323999996,,,,,,,,,,,,,,,,,,,,,,,,,,,,,,,,,,,,
26/10/18,16:53:57,,,,,,,,,,,,,,,,,,,,,,,,,,,,,,,,,,,,,,,,,,,,,,,,,,,,,,,,,,,,,,,,
26/10/18,16:54:05,,,,,,,,,,,,,,,,,,,,,,,,,,,33,35.221782323999996,,,,,,,,,,,,,,,,,,,,,,,,,,,,,,,,,,,,
26/10/18,16:54:18,,,,,,,,,,,,,,,,,,,,,,,,,,,33,35.91589497133333,,,,,,,,,,,,,,,,,,,,,,,,,,,,,,,,,,,,
26/10/18,16:54:26,,,,,,,,,,,,,,,,,,,,,,,,,,,34,36.262951295,,,,,,,,,,,,,,,,,,,,,,,,,,,,,,,,,,,,
26/10/18,16:54:27,,,,,,,,,,,,,,,,,,,,,,,,,,,,,,,,,,,,,,,,,,,,,,,,,,,,,,,,,,,,,,,,
26/10/18,16:54:35,,,,,,,,,,,,,,,,,,,,,,,,,,,34,36.262951295,,,,,,,,,,,,,,,,,,,,,,,,,,,,,,,,,,,,
26/10/18,16:54:48,,,,,,,,,,,,,,,,,,,,,,,,,,,34,36.262951295,,,,,,,,,,,,,,,,,,,,,,,,,,,,,,,,,,,,
26/10/18,16:54:56,,,,,,,,,,,,,,,,,,,,,,,,,,,34,36.262951295,,,,,,,,,,,,,,,,,,,,,,,,,,,,,,,,,,,,
26/10/18,16:54:57,,,,,,,,,,,,,,,,,,,,,,,,,,,,,,,,,,,,,,,,,,,,,,,,,,,,,,,,,,,,,,,,
26/10/18,16:55:05,,,,,,,,,,,,,,,,,,,,,,,,,,,34,36.262951295,,,,,,,,,,,,,,,,,,,,,,,,,,,,,,,,,,,,
26/10/18,16:55:18,,,,,,,,,,,,,,,,,,,,,,,,,,,,,,,,,,,,,,,,,,,,,,,,,,,,,,,,,,,,,,,,
26/10/18,16:55:26,,,,,,,,,,,,,,,,,,,,,,,,,,,,,,,,,,,,,,,,,,,,,,,,,,,,,,,,,,,,,,,,
26/10/18,16:55:27,,,,,,,,,,,,,,,,,,,,,,,,,,,,,,,,,,,,,,,,,,,,,,,,,,,,,,,,,,,,,,,,
26/10/18,16:55:35,,,,,,,,,,,,,,,,,,,,,,,,,,,34,36.262951295,,,,,,,,,,,,,,,,,,,,,,,,,,,,,,,,,,,,
26/10/18,16:55:48,,,,,,,,,,,,,,,,,,,,,,,,,,,,,,,,,,,,,,,,,,,,,,,,,,,,,,,,,,,,,,,,
26/10/18,16:55:56,,,,,,,,,,,,,,,,,,,,,,,,,,,,,,,,,,,,,,,,,,,,,,,,,,,,,,,,,,,,,,,,
26/10/18,16:55:57,,,,,,,,,,,,,,,,,,,,,,,,,,,,,,,,,,,,,,,,,,,,,,,,,,,,,,,,,,,,,,,,
26/10/18,16:56:05,,,,,,,,,,,,,,,,,,,,,,,,,,,,,,,,,,,,,,,,,,,,,,,,,,,,,,,,,,,,,,,,
26/10/18,16:56:18,,,,,,,,,,,,,,,,,,,,,,,,,,,,,,,,,,,,,,,,,,,,,,,,,,,,,,,,,,,,,,,,
26/10/18,16:56:26,,,,,,,,,,,,,,,,,,,,,,,,,,,36,38.345289236999996,,,,,,,,,,,,,,,,,,,,,,,,,,,,,,,,,,,,
26/10/18,16:56:27,,,,,,,,,,,,,,,,,,,,,,,,,,,,,,,,,,,,,,,,,,,,,,,,,,,,,,,,,,,,,,,,
26/10/18,16:56:35,,,,,,,,,,,,,,,,,,,,,,,,,,,36,38.345289236999996,,,,,,,,,,,,,,,,,,,,,,,,,,,,,,,,,,,,
26/10/18,16:56:48,,,,,,,,,,,,,,,,,,,,,,,,,,,,,,,,,,,,,,,,,,,,,,,,,,,,,,,,,,,,,,,,
26/10/18,16:56:56,,,,,,,,,,,,,,,,,,,,,,,,,,,,,,,,,,,,,,,,,,,,,,,,,,,,,,,,,,,,,,,,
26/10/18,16:56:57,,,,,,,,,,,,,,,,,,,,,,,,,,,,,,,,,,,,,,,,,,,,,,,,,,,,,,,,,,,,,,,,
26/10/18,16:57:05,,,,,,,,,,,,,,,,,,,,,,,,,,,,,,,,,,,,,,,,,,,,,,,,,,,,,,,,,,,,,,,,
26/10/18,16:57:18,,,,,,,,,,,,,,,,,,,,,,,,,,,,,,,,,,,,,,,,,,,,,,,,,,,,,,,,,,,,,,,,
26/10/18,16:57:26,,,,,,,,,,,,,,,,,,,,,,,,,,,34,36.262951295,,,,,,,,,,,,,,,,,,,,,,,,,,,,,,,,,,,,
26/10/18,16:57:27,,,,,,,,,,,,,,,,,,,,,,,,,,,,,,,,,,,,,,,,,,,,,,,,,,,,,,,,,,,,,,,,
26/10/18,16:57:35,,,,,,,,,,,,,,,,,,,,,,,,,,,34,36.262951295,,,,,,,,,,,,,,,,,,,,,,,,,,,,,,,,,,,,
26/10/18,16:57:48,,,,,,,,,,,,,,,,,,,,,,,,,,,34,36.262951295,,,,,,,,,,,,,,,,,,,,,,,,,,,,,,,,,,,,
26/10/18,16:57:56,,,,,,,,,,,,,,,,,,,,,,,,,,,34,36.262951295,,,,,,,,,,,,,,,,,,,,,,,,,,,,,,,,,,,,
26/10/18,16:57:57,,,,,,,,,,,,,,,,,,,,,,,,,,,,,,,,,,,,,,,,,,,,,,,,,,,,,,,,,,,,,,,,
26/10/18,16:58:05,,,,,,,,,,,,,,,,,,,,,,,,,,,34,36.262951295,,,,,,,,,,,,,,,,,,,,,,,,,,,,,,,,,,,,
26/10/18,16:58:18,,,,,,,,,,,,,,,,,,,,,,,,,,,34,36.262951295,,,,,,,,,,,,,,,,,,,,,,,,,,,,,,,,,,,,
26/10/18,16:58:26,,,,,,,,,,,,,,,,,,,,,,,,,,,34,36.262951295,,,,,,,,,,,,,,,,,,,,,,,,,,,,,,,,,,,,
26/10/18,16:58:27,,,,,,,,,,,,,,,,,,,,,,,,,,,,,,,,,,,,,,,,,,,,,,,,,,,,,,,,,,,,,,,,
26/10/18,16:58:35,,,,,,,,,,,,,,,,,,,,,,,,,,,34,36.262951295,,,,,,,,,,,,,,,,,,,,,,,,,,,,,,,,,,,,
26/10/18,16:58:48,,,,,,,,,,,,,,,,,,,,,,,,,,,33,35.56883864766667,,,,,,,,,,,,,,,,,,,,,,,,,,,,,,,,,,,,
26/10/18,16:58:56,,,,,,,,,,,,,,,,,,,,,,,,,,,33,35.7423668095,,,,,,,,,,,,,,,,,,,,,,,,,,,,,,,,,,,,
26/10/18,16:58:57,,,,,,,,,,,,,,,,,,,,,,,,,,,,,,,,,,,,,,,,,,,,,,,,,,,,,,,,,,,,,,,,
26/10/18,16:59:05,,,,,,,,,,,,,,,,,,,,,,,,,,,34,36.262951295,,,,,,,,,,,,,,,,,,,,,,,,,,,,,,,,,,,,
26/10/18,16:59:18,,,,,,,,,,,,,,,,,,,,,,,,,,,34,36.262951295,,,,,,,,,,,,,,,,,,,,,,,,,,,,,,,,,,,,
26/10/18,16:59:26,,,,,,,,,,,,,,,,,,,,,,,,,,,33,35.221782323999996,,,,,,,,,,,,,,,,,,,,,,,,,,,,,,,,,,,,
26/10/18,16:59:27,,,,,,,,,,,,,,,,,,,,,,,,,,,,,,,,,,,,,,,,,,,,,,,,,,,,,,,,,,,,,,,,
26/10/18,16:59:35,,,,,,,,,,,,,,,,,,,,,,,,,,,34,36.262951295,,,,,,,,,,,,,,,,,,,,,,,,,,,,,,,,,,,,
26/10/18,16:59:48,,,,,,,,,,,,,,,,,,,,,,,,,,,33,35.56883864766667,,,,,,,,,,,,,,,,,,,,,,,,,,,,,,,,,,,,
26/10/18,16:59:56,,,,,,,,,,,,,,,,,,,,,,,,,,,33,35.221782323999996,,,,,,,,,,,,,,,,,,,,,,,,,,,,,,,,,,,,
26/10/18,16:59:57,,,,,,,,,,,,,,,,,,,,,,,,,,,,,,,,,,,,,,,,,,,,,,,,,,,,,,,,,,,,,,,,
26/10/18,17:00:05,,,,,,,,,,,,,,,,,,,,,,,,,,,33,35.221782323999996,,,,,,,,,,,,,,,,,,,,,,,,,,,,,,,,,,,,
26/10/18,17:00:18,,,,,,,,,,,,,,,,,,,,,,,,,,,33,35.221782323999996,,,,,,,,,,,,,,,,,,,,,,,,,,,,,,,,,,,,
26/10/18,17:00:26,,,,,,,,,,,,,,,,,,,,,,,,,,,33,35.221782323999996,,,,,,,,,,,,,,,,,,,,,,,,,,,,,,,,,,,,
26/10/18,17:00:27,,,,,,,,,,,,,,,,,,,,,,,,,,,,,,,,,,,,,,,,,,,,,,,,,,,,,,,,,,,,,,,,
26/10/18,17:00:35,,,,,,,,,,,,,,,,,,,,,,,,,,,33,35.221782323999996,,,,,,,,,,,,,,,,,,,,,,,,,,,,,,,,,,,,
26/10/18,17:00:48,,,,,,,,,,,,,,,,,,,,,,,,,,,33,35.221782323999996,,,,,,,,,,,,,,,,,,,,,,,,,,,,,,,,,,,,
26/10/18,17:00:56,,,,,,,,,,,,,,,,,,,,,,,,,,,33,35.221782323999996,,,,,,,,,,,,,,,,,,,,,,,,,,,,,,,,,,,,
26/10/18,17:00:57,,,,,,,,,,,,,,,,,,,,,,,,,,,,,,,,,,,,,,,,,,,,,,,,,,,,,,,,,,,,,,,,
26/10/18,17:01:05,,,,,,,,,,,,,,,,,,,,,,,,,,,33,35.221782323999996,,,,,,,,,,,,,,,,,,,,,,,,,,,,,,,,,,,,
26/10/18,17:01:18,,,,,,,,,,,,,,,,,,,,,,,,,,,33,35.221782323999996,,,,,,,,,,,,,,,,,,,,,,,,,,,,,,,,,,,,
26/10/18,17:01:26,,,,,,,,,,,,,,,,,,,,,,,,,,,33,35.221782323999996,,,,,,,,,,,,,,,,,,,,,,,,,,,,,,,,,,,,
26/10/18,17:01:27,,,,,,,,,,,,,,,,,,,,,,,,,,,,,,,,,,,,,,,,,,,,,,,,,,,,,,,,,,,,,,,,
26/10/18,17:01:35,,,,,,,,,,,,,,,,,,,,,,,,,,,33,35.221782323999996,,,,,,,,,,,,,,,,,,,,,,,,,,,,,,,,,,,,
26/10/18,17:01:48,,,,,,,,,,,,,,,,,,,,,,,,,,,33,35.221782323999996,,,,,,,,,,,,,,,,,,,,,,,,,,,,,,,,,,,,
26/10/18,17:01:56,,,,,,,,,,,,,,,,,,,,,,,,,,,33,35.221782323999996,,,,,,,,,,,,,,,,,,,,,,,,,,,,,,,,,,,,
26/10/18,17:01:57,,,,,,,,,,,,,,,,,,,,,,,,,,,,,,,,,,,,,,,,,,,,,,,,,,,,,,,,,,,,,,,,
26/10/18,17:02:05,,,,,,,,,,,,,,,,,,,,,,,,,,,33,35.221782323999996,,,,,,,,,,,,,,,,,,,,,,,,,,,,,,,,,,,,
26/10/18,17:02:18,,,,,,,,,,,,,,,,,,,,,,,,,,,33,35.221782323999996,,,,,,,,,,,,,,,,,,,,,,,,,,,,,,,,,,,,
26/10/18,17:02:26,,,,,,,,,,,,,,,,,,,,,,,,,,,33,35.221782323999996,,,,,,,,,,,,,,,,,,,,,,,,,,,,,,,,,,,,
26/10/18,17:02:27,,,,,,,,,,,,,,,,,,,,,,,,,,,,,,,,,,,,,,,,,,,,,,,,,,,,,,,,,,,,,,,,
26/10/18,17:02:35,,,,,,,,,,,,,,,,,,,,,,,,,,,33,35.221782323999996,,,,,,,,,,,,,,,,,,,,,,,,,,,,,,,,,,,,
26/10/18,17:02:48,,,,,,,,,,,,,,,,,,,,,,,,,,,33,35.221782323999996,,,,,,,,,,,,,,,,,,,,,,,,,,,,,,,,,,,,
26/10/18,17:02:56,,,,,,,,,,,,,,,,,,,,,,,,,,,33,35.221782323999996,,,,,,,,,,,,,,,,,,,,,,,,,,,,,,,,,,,,
26/10/18,17:02:57,,,,,,,,,,,,,,,,,,,,,,,,,,,,,,,,,,,,,,,,,,,,,,,,,,,,,,,,,,,,,,,,
26/10/18,17:03:05,,,,,,,,,,,,,,,,,,,,,,,,,,,33,35.221782323999996,,,,,,,,,,,,,,,,,,,,,,,,,,,,,,,,,,,,
26/10/18,17:03:18,,,,,,,,,,,,,,,,,,,,,,,,,,,33,35.221782323999996,,,,,,,,,,,,,,,,,,,,,,,,,,,,,,,,,,,,
26/10/18,17:03:26,,,,,,,,,,,,,,,,,,,,,,,,,,,32,34.180613353,,,,,,,,,,,,,,,,,,,,,,,,,,,,,,,,,,,,
26/10/18,17:03:27,,,,,,,,,,,,,,,,,,,,,,,,,,,,,,,,,,,,,,,,,,,,,,,,,,,,,,,,,,,,,,,,
26/10/18,17:03:35,,,,,,,,,,,,,,,,,,,,,,,,,,,33,35.221782323999996,,,,,,,,,,,,,,,,,,,,,,,,,,,,,,,,,,,,
26/10/18,17:03:48,,,,,,,,,,,,,,,,,,,,,,,,,,,33,35.221782323999996,,,,,,,,,,,,,,,,,,,,,,,,,,,,,,,,,,,,
26/10/18,17:03:56,,,,,,,,,,,,,,,,,,,,,,,,,,,33,35.221782323999996,,,,,,,,,,,,,,,,,,,,,,,,,,,,,,,,,,,,
26/10/18,17:03:57,,,,,,,,,,,,,,,,,,,,,,,,,,,,,,,,,,,,,,,,,,,,,,,,,,,,,,,,,,,,,,,,
26/10/18,17:04:05,,,,,,,,,,,,,,,,,,,,,,,,,,,33,35.221782323999996,,,,,,,,,,,,,,,,,,,,,,,,,,,,,,,,,,,,
26/10/18,17:04:18,,,,,,,,,,,,,,,,,,,,,,,,,,,33,35.221782323999996,,,,,,,,,,,,,,,,,,,,,,,,,,,,,,,,,,,,
26/10/18,17:04:26,,,,,,,,,,,,,,,,,,,,,,,,,,,32,34.7011978385,,,,,,,,,,,,,,,,,,,,,,,,,,,,,,,,,,,,
26/10/18,17:04:27,,,,,,,,,,,,,,,,,,,,,,,,,,,,,,,,,,,,,,,,,,,,,,,,,,,,,,,,,,,,,,,,
26/10/18,17:04:35,,,,,,,,,,,,,,,,,,,,,,,,,,,33,35.221782323999996,,,,,,,,,,,,,,,,,,,,,,,,,,,,,,,,,,,,
26/10/18,17:04:48,,,,,,,,,,,,,,,,,,,,,,,,,,,33,35.221782323999996,,,,,,,,,,,,,,,,,,,,,,,,,,,,,,,,,,,,
26/10/18,17:04:56,,,,,,,,,,,,,,,,,,,,,,,,,,,33,35.221782323999996,,,,,,,,,,,,,,,,,,,,,,,,,,,,,,,,,,,,
26/10/18,17:04:57,,,,,,,,,,,,,,,,,,,,,,,,,,,,,,,,,,,,,,,,,,,,,,,,,,,,,,,,,,,,,,,,
26/10/18,17:05:05,,,,,,,,,,,,,,,,,,,,,,,,,,,32,34.7011978385,,,,,,,,,,,,,,,,,,,,,,,,,,,,,,,,,,,,
26/10/18,17:05:18,,,,,,,,,,,,,,,,,,,,,,,,,,,33,35.221782323999996,,,,,,,,,,,,,,,,,,,,,,,,,,,,,,,,,,,,
26/10/18,17:05:26,,,,,,,,,,,,,,,,,,,,,,,,,,,33,35.221782323999996,,,,,,,,,,,,,,,,,,,,,,,,,,,,,,,,,,,,
26/10/18,17:05:27,,,,,,,,,,,,,,,,,,,,,,,,,,,,,,,,,,,,,,,,,,,,,,,,,,,,,,,,,,,,,,,,
26/10/18,17:05:35,,,,,,,,,,,,,,,,,,,,,,,,,,,33,35.221782323999996,,,,,,,,,,,,,,,,,,,,,,,,,,,,,,,,,,,,
26/10/18,17:05:48,,,,,,,,,,,,,,,,,,,,,,,,,,,33,35.221782323999996,,,,,,,,,,,,,,,,,,,,,,,,,,,,,,,,,,,,
26/10/18,17:05:56,,,,,,,,,,,,,,,,,,,,,,,,,,,33,35.221782323999996,,,,,,,,,,,,,,,,,,,,,,,,,,,,,,,,,,,,
26/10/18,17:05:57,,,,,,,,,,,,,,,,,,,,,,,,,,,,,,,,,,,,,,,,,,,,,,,,,,,,,,,,,,,,,,,,
26/10/18,17:06:05,,,,,,,,,,,,,,,,,,,,,,,,,,,33,35.221782323999996,,,,,,,,,,,,,,,,,,,,,,,,,,,,,,,,,,,,
26/10/18,17:06:18,,,,,,,,,,,,,,,,,,,,,,,,,,,32,34.7011978385,,,,,,,,,,,,,,,,,,,,,,,,,,,,,,,,,,,,
26/10/18,17:06:26,,,,,,,,,,,,,,,,,,,,,,,,,,,33,35.221782323999996,,,,,,,,,,,,,,,,,,,,,,,,,,,,,,,,,,,,
26/10/18,17:06:27,,,,,,,,,,,,,,,,,,,,,,,,,,,,,,,,,,,,,,,,,,,,,,,,,,,,,,,,,,,,,,,,
26/10/18,17:06:35,,,,,,,,,,,,,,,,,,,,,,,,,,,32,34.180613353,,,,,,,,,,,,,,,,,,,,,,,,,,,,,,,,,,,,
26/10/18,17:06:48,,,,,,,,,,,,,,,,,,,,,,,,,,,32,34.87472600033333,,,,,,,,,,,,,,,,,,,,,,,,,,,,,,,,,,,,
26/10/18,17:06:56,,,,,,,,,,,,,,,,,,,,,,,,,,,32,34.180613353,,,,,,,,,,,,,,,,,,,,,,,,,,,,,,,,,,,,
26/10/18,17:06:57,,,,,,,,,,,,,,,,,,,,,,,,,,,,,,,,,,,,,,,,,,,,,,,,,,,,,,,,,,,,,,,,
26/10/18,17:07:05,,,,,,,,,,,,,,,,,,,,,,,,,,,33,35.221782323999996,,,,,,,,,,,,,,,,,,,,,,,,,,,,,,,,,,,,
26/10/18,17:07:18,,,,,,,,,,,,,,,,,,,,,,,,,,,33,35.221782323999996,,,,,,,,,,,,,,,,,,,,,,,,,,,,,,,,,,,,
26/10/18,17:07:26,,,,,,,,,,,,,,,,,,,,,,,,,,,32,34.7011978385,,,,,,,,,,,,,,,,,,,,,,,,,,,,,,,,,,,,
26/10/18,17:07:27,,,,,,,,,,,,,,,,,,,,,,,,,,,,,,,,,,,,,,,,,,,,,,,,,,,,,,,,,,,,,,,,
26/10/18,17:07:35,,,,,,,,,,,,,,,,,,,,,,,,,,,32,34.7011978385,,,,,,,,,,,,,,,,,,,,,,,,,,,,,,,,,,,,
26/10/18,17:07:48,,,,,,,,,,,,,,,,,,,,,,,,,,,32,34.87472600033333,,,,,,,,,,,,,,,,,,,,,,,,,,,,,,,,,,,,
26/10/18,17:07:56,,,,,,,,,,,,,,,,,,,,,,,,,,,32,34.7011978385,,,,,,,,,,,,,,,,,,,,,,,,,,,,,,,,,,,,
26/10/18,17:07:57,,,,,,,,,,,,,,,,,,,,,,,,,,,,,,,,,,,,,,,,,,,,,,,,,,,,,,,,,,,,,,,,
26/10/18,17:08:05,,,,,,,,,,,,,,,,,,,,,,,,,,,33,35.221782323999996,,,,,,,,,,,,,,,,,,,,,,,,,,,,,,,,,,,,
26/10/18,17:08:18,,,,,,,,,,,,,,,,,,,,,,,,,,,32,34.7011978385,,,,,,,,,,,,,,,,,,,,,,,,,,,,,,,,,,,,
26/10/18,17:08:26,,,,,,,,,,,,,,,,,,,,,,,,,,,33,35.221782323999996,,,,,,,,,,,,,,,,,,,,,,,,,,,,,,,,,,,,
26/10/18,17:08:27,,,,,,,,,,,,,,,,,,,,,,,,,,,,,,,,,,,,,,,,,,,,,,,,,,,,,,,,,,,,,,,,
26/10/18,17:08:35,,,,,,,,,,,,,,,,,,,,,,,,,,,32,34.7011978385,,,,,,,,,,,,,,,,,,,,,,,,,,,,,,,,,,,,
26/10/18,17:08:48,,,,,,,,,,,,,,,,,,,,,,,,,,,33,35.221782323999996,,,,,,,,,,,,,,,,,,,,,,,,,,,,,,,,,,,,
26/10/18,17:08:56,,,,,,,,,,,,,,,,,,,,,,,,,,,33,35.221782323999996,,,,,,,,,,,,,,,,,,,,,,,,,,,,,,,,,,,,
26/10/18,17:08:57,,,,,,,,,,,,,,,,,,,,,,,,,,,,,,,,,,,,,,,,,,,,,,,,,,,,,,,,,,,,,,,,
26/10/18,17:09:05,,,,,,,,,,,,,,,,,,,,,,,,,,,33,35.221782323999996,,,,,,,,,,,,,,,,,,,,,,,,,,,,,,,,,,,,
26/10/18,17:09:18,,,,,,,,,,,,,,,,,,,,,,,,,,,33,35.221782323999996,,,,,,,,,,,,,,,,,,,,,,,,,,,,,,,,,,,,
26/10/18,17:09:26,,,,,,,,,,,,,,,,,,,,,,,,,,,32,34.7011978385,,,,,,,,,,,,,,,,,,,,,,,,,,,,,,,,,,,,
26/10/18,17:09:27,,,,,,,,,,,,,,,,,,,,,,,,,,,,,,,,,,,,,,,,,,,,,,,,,,,,,,,,,,,,,,,,
26/10/18,17:09:35,,,,,,,,,,,,,,,,,,,,,,,,,,,33,35.221782323999996,,,,,,,,,,,,,,,,,,,,,,,,,,,,,,,,,,,,
26/10/18,17:09:48,,,,,,,,,,,,,,,,,,,,,,,,,,,32,34.87472600033333,,,,,,,,,,,,,,,,,,,,,,,,,,,,,,,,,,,,
26/10/18,17:09:56,,,,,,,,,,,,,,,,,,,,,,,,,,,32,34.7011978385,,,,,,,,,,,,,,,,,,,,,,,,,,,,,,,,,,,,
26/10/18,17:09:57,,,,,,,,,,,,,,,,,,,,,,,,,,,,,,,,,,,,,,,,,,,,,,,,,,,,,,,,,,,,,,,,
26/10/18,17:10:05,,,,,,,,,,,,,,,,,,,,,,,,,,,33,35.221782323999996,,,,,,,,,,,,,,,,,,,,,,,,,,,,,,,,,,,,
26/10/18,17:10:18,,,,,,,,,,,,,,,,,,,,,,,,,,,33,35.221782323999996,,,,,,,,,,,,,,,,,,,,,,,,,,,,,,,,,,,,
26/10/18,17:10:26,,,,,,,,,,,,,,,,,,,,,,,,,,,33,35.221782323999996,,,,,,,,,,,,,,,,,,,,,,,,,,,,,,,,,,,,
26/10/18,17:10:27,,,,,,,,,,,,,,,,,,,,,,,,,,,,,,,,,,,,,,,,,,,,,,,,,,,,,,,,,,,,,,,,
26/10/18,17:10:35,,,,,,,,,,,,,,,,,,,,,,,,,,,32,34.7011978385,,,,,,,,,,,,,,,,,,,,,,,,,,,,,,,,,,,,
26/10/18,17:10:48,,,,,,,,,,,,,,,,,,,,,,,,,,,33,35.221782323999996,,,,,,,,,,,,,,,,,,,,,,,,,,,,,,,,,,,,
26/10/18,17:10:56,,,,,,,,,,,,,,,,,,,,,,,,,,,33,35.221782323999996,,,,,,,,,,,,,,,,,,,,,,,,,,,,,,,,,,,,
26/10/18,17:10:57,,,,,,,,,,,,,,,,,,,,,,,,,,,,,,,,,,,,,,,,,,,,,,,,,,,,,,,,,,,,,,,,
26/10/18,17:11:05,,,,,,,,,,,,,,,,,,,,,,,,,,,33,35.221782323999996,,,,,,,,,,,,,,,,,,,,,,,,,,,,,,,,,,,,
26/10/18,17:11:18,,,,,,,,,,,,,,,,,,,,,,,,,,,33,35.221782323999996,,,,,,,,,,,,,,,,,,,,,,,,,,,,,,,,,,,,
26/10/18,17:11:26,,,,,,,,,,,,,,,,,,,,,,,,,,,33,35.221782323999996,,,,,,,,,,,,,,,,,,,,,,,,,,,,,,,,,,,,
26/10/18,17:11:27,,,,,,,,,,,,,,,,,,,,,,,,,,,,,,,,,,,,,,,,,,,,,,,,,,,,,,,,,,,,,,,,
26/10/18,17:11:35,,,,,,,,,,,,,,,,,,,,,,,,,,,33,35.221782323999996,,,,,,,,,,,,,,,,,,,,,,,,,,,,,,,,,,,,
26/10/18,17:11:48,,,,,,,,,,,,,,,,,,,,,,,,,,,33,35.221782323999996,,,,,,,,,,,,,,,,,,,,,,,,,,,,,,,,,,,,
26/10/18,17:11:56,,,,,,,,,,,,,,,,,,,,,,,,,,,33,35.221782323999996,,,,,,,,,,,,,,,,,,,,,,,,,,,,,,,,,,,,
26/10/18,17:11:57,,,,,,,,,,,,,,,,,,,,,,,,,,,,,,,,,,,,,,,,,,,,,,,,,,,,,,,,,,,,,,,,
26/10/18,17:12:05,,,,,,,,,,,,,,,,,,,,,,,,,,,33,35.221782323999996,,,,,,,,,,,,,,,,,,,,,,,,,,,,,,,,,,,,
26/10/18,17:12:18,,,,,,,,,,,,,,,,,,,,,,,,,,,33,35.221782323999996,,,,,,,,,,,,,,,,,,,,,,,,,,,,,,,,,,,,
26/10/18,17:12:26,,,,,,,,,,,,,,,,,,,,,,,,,,,33,35.221782323999996,,,,,,,,,,,,,,,,,,,,,,,,,,,,,,,,,,,,
26/10/18,17:12:27,,,,,,,,,,,,,,,,,,,,,,,,,,,,,,,,,,,,,,,,,,,,,,,,,,,,,,,,,,,,,,,,
26/10/18,17:12:35,,,,,,,,,,,,,,,,,,,,,,,,,,,33,35.221782323999996,,,,,,,,,,,,,,,,,,,,,,,,,,,,,,,,,,,,
26/10/18,17:12:48,,,,,,,,,,,,,,,,,,,,,,,,,,,33,35.221782323999996,,,,,,,,,,,,,,,,,,,,,,,,,,,,,,,,,,,,
26/10/18,17:12:56,,,,,,,,,,,,,,,,,,,,,,,,,,,32,34.7011978385,,,,,,,,,,,,,,,,,,,,,,,,,,,,,,,,,,,,
26/10/18,17:12:57,,,,,,,,,,,,,,,,,,,,,,,,,,,,,,,,,,,,,,,,,,,,,,,,,,,,,,,,,,,,,,,,
26/10/18,17:13:05,,,,,,,,,,,,,,,,,,,,,,,,,,,33,35.221782323999996,,,,,,,,,,,,,,,,,,,,,,,,,,,,,,,,,,,,
26/10/18,17:13:18,,,,,,,,,,,,,,,,,,,,,,,,,,,33,35.221782323999996,,,,,,,,,,,,,,,,,,,,,,,,,,,,,,,,,,,,
26/10/18,17:13:26,,,,,,,,,,,,,,,,,,,,,,,,,,,33,35.221782323999996,,,,,,,,,,,,,,,,,,,,,,,,,,,,,,,,,,,,
26/10/18,17:13:27,,,,,,,,,,,,,,,,,,,,,,,,,,,,,,,,,,,,,,,,,,,,,,,,,,,,,,,,,,,,,,,,
26/10/18,17:13:35,,,,,,,,,,,,,,,,,,,,,,,,,,,32,34.7011978385,,,,,,,,,,,,,,,,,,,,,,,,,,,,,,,,,,,,
26/10/18,17:13:48,,,,,,,,,,,,,,,,,,,,,,,,,,,33,35.221782323999996,,,,,,,,,,,,,,,,,,,,,,,,,,,,,,,,,,,,
26/10/18,17:13:56,,,,,,,,,,,,,,,,,,,,,,,,,,,33,35.221782323999996,,,,,,,,,,,,,,,,,,,,,,,,,,,,,,,,,,,,
26/10/18,17:13:57,,,,,,,,,,,,,,,,,,,,,,,,,,,,,,,,,,,,,,,,,,,,,,,,,,,,,,,,,,,,,,,,
26/10/18,17:14:05,,,,,,,,,,,,,,,,,,,,,,,,,,,33,35.221782323999996,,,,,,,,,,,,,,,,,,,,,,,,,,,,,,,,,,,,
26/10/18,17:14:18,,,,,,,,,,,,,,,,,,,,,,,,,,,32,34.7011978385,,,,,,,,,,,,,,,,,,,,,,,,,,,,,,,,,,,,
26/10/18,17:14:26,,,,,,,,,,,,,,,,,,,,,,,,,,,33,35.221782323999996,,,,,,,,,,,,,,,,,,,,,,,,,,,,,,,,,,,,
26/10/18,17:14:27,,,,,,,,,,,,,,,,,,,,,,,,,,,,,,,,,,,,,,,,,,,,,,,,,,,,,,,,,,,,,,,,
26/10/18,17:14:35,,,,,,,,,,,,,,,,,,,,,,,,,,,33,35.221782323999996,,,,,,,,,,,,,,,,,,,,,,,,,,,,,,,,,,,,
26/10/18,17:14:48,,,,,,,,,,,,,,,,,,,,,,,,,,,33,35.221782323999996,,,,,,,,,,,,,,,,,,,,,,,,,,,,,,,,,,,,
26/10/18,17:14:56,,,,,,,,,,,,,,,,,,,,,,,,,,,33,35.221782323999996,,,,,,,,,,,,,,,,,,,,,,,,,,,,,,,,,,,,
26/10/18,17:14:57,,,,,,,,,,,,,,,,,,,,,,,,,,,,,,,,,,,,,,,,,,,,,,,,,,,,,,,,,,,,,,,,
26/10/18,17:15:05,,,,,,,,,,,,,,,,,,,,,,,,,,,33,35.221782323999996,,,,,,,,,,,,,,,,,,,,,,,,,,,,,,,,,,,,
26/10/18,17:15:18,,,,,,,,,,,,,,,,,,,,,,,,,,,33,35.221782323999996,,,,,,,,,,,,,,,,,,,,,,,,,,,,,,,,,,,,
26/10/18,17:15:26,,,,,,,,,,,,,,,,,,,,,,,,,,,33,35.221782323999996,,,,,,,,,,,,,,,,,,,,,,,,,,,,,,,,,,,,
26/10/18,17:15:27,,,,,,,,,,,,,,,,,,,,,,,,,,,,,,,,,,,,,,,,,,,,,,,,,,,,,,,,,,,,,,,,
26/10/18,17:15:35,,,,,,,,,,,,,,,,,,,,,,,,,,,33,35.221782323999996,,,,,,,,,,,,,,,,,,,,,,,,,,,,,,,,,,,,
26/10/18,17:15:48,,,,,,,,,,,,,,,,,,,,,,,,,,,33,35.221782323999996,,,,,,,,,,,,,,,,,,,,,,,,,,,,,,,,,,,,
26/10/18,17:15:56,,,,,,,,,,,,,,,,,,,,,,,,,,,33,35.221782323999996,,,,,,,,,,,,,,,,,,,,,,,,,,,,,,,,,,,,
26/10/18,17:15:57,,,,,,,,,,,,,,,,,,,,,,,,,,,,,,,,,,,,,,,,,,,,,,,,,,,,,,,,,,,,,,,,
26/10/18,17:16:05,,,,,,,,,,,,,,,,,,,,,,,,,,,33,35.221782323999996,,,,,,,,,,,,,,,,,,,,,,,,,,,,,,,,,,,,
26/10/18,17:16:18,,,,,,,,,,,,,,,,,,,,,,,,,,,33,35.221782323999996,,,,,,,,,,,,,,,,,,,,,,,,,,,,,,,,,,,,
26/10/18,17:16:26,,,,,,,,,,,,,,,,,,,,,,,,,,,33,35.221782323999996,,,,,,,,,,,,,,,,,,,,,,,,,,,,,,,,,,,,
26/10/18,17:16:27,,,,,,,,,,,,,,,,,,,,,,,,,,,,,,,,,,,,,,,,,,,,,,,,,,,,,,,,,,,,,,,,
26/10/18,17:16:35,,,,,,,,,,,,,,,,,,,,,,,,,,,33,35.221782323999996,,,,,,,,,,,,,,,,,,,,,,,,,,,,,,,,,,,,
26/10/18,17:16:48,,,,,,,,,,,,,,,,,,,,,,,,,,,33,35.221782323999996,,,,,,,,,,,,,,,,,,,,,,,,,,,,,,,,,,,,
26/10/18,17:16:56,,,,,,,,,,,,,,,,,,,,,,,,,,,33,35.221782323999996,,,,,,,,,,,,,,,,,,,,,,,,,,,,,,,,,,,,
26/10/18,17:16:57,,,,,,,,,,,,,,,,,,,,,,,,,,,,,,,,,,,,,,,,,,,,,,,,,,,,,,,,,,,,,,,,
26/10/18,17:17:05,,,,,,,,,,,,,,,,,,,,,,,,,,,33,35.221782323999996,,,,,,,,,,,,,,,,,,,,,,,,,,,,,,,,,,,,
26/10/18,17:17:18,,,,,,,,,,,,,,,,,,,,,,,,,,,33,35.221782323999996,,,,,,,,,,,,,,,,,,,,,,,,,,,,,,,,,,,,
26/10/18,17:17:26,,,,,,,,,,,,,,,,,,,,,,,,,,,33,35.221782323999996,,,,,,,,,,,,,,,,,,,,,,,,,,,,,,,,,,,,
26/10/18,17:17:27,,,,,,,,,,,,,,,,,,,,,,,,,,,,,,,,,,,,,,,,,,,,,,,,,,,,,,,,,,,,,,,,
26/10/18,17:17:35,,,,,,,,,,,,,,,,,,,,,,,,,,,33,35.221782323999996,,,,,,,,,,,,,,,,,,,,,,,,,,,,,,,,,,,,
26/10/18,17:17:48,,,,,,,,,,,,,,,,,,,,,,,,,,,33,35.221782323999996,,,,,,,,,,,,,,,,,,,,,,,,,,,,,,,,,,,,
26/10/18,17:17:56,,,,,,,,,,,,,,,,,,,,,,,,,,,33,35.221782323999996,,,,,,,,,,,,,,,,,,,,,,,,,,,,,,,,,,,,
26/10/18,17:17:57,,,,,,,,,,,,,,,,,,,,,,,,,,,,,,,,,,,,,,,,,,,,,,,,,,,,,,,,,,,,,,,,
26/10/18,17:18:05,,,,,,,,,,,,,,,,,,,,,,,,,,,33,35.221782323999996,,,,,,,,,,,,,,,,,,,,,,,,,,,,,,,,,,,,
26/10/18,17:18:18,,,,,,,,,,,,,,,,,,,,,,,,,,,33,35.221782323999996,,,,,,,,,,,,,,,,,,,,,,,,,,,,,,,,,,,,
26/10/18,17:18:26,,,,,,,,,,,,,,,,,,,,,,,,,,,33,35.221782323999996,,,,,,,,,,,,,,,,,,,,,,,,,,,,,,,,,,,,
26/10/18,17:18:27,,,,,,,,,,,,,,,,,,,,,,,,,,,,,,,,,,,,,,,,,,,,,,,,,,,,,,,,,,,,,,,,
26/10/18,17:18:35,,,,,,,,,,,,,,,,,,,,,,,,,,,33,35.221782323999996,,,,,,,,,,,,,,,,,,,,,,,,,,,,,,,,,,,,
26/10/18,17:18:48,,,,,,,,,,,,,,,,,,,,,,,,,,,33,35.221782323999996,,,,,,,,,,,,,,,,,,,,,,,,,,,,,,,,,,,,
26/10/18,17:18:56,,,,,,,,,,,,,,,,,,,,,,,,,,,33,35.221782323999996,,,,,,,,,,,,,,,,,,,,,,,,,,,,,,,,,,,,
26/10/18,17:18:57,,,,,,,,,,,,,,,,,,,,,,,,,,,,,,,,,,,,,,,,,,,,,,,,,,,,,,,,,,,,,,,,
26/10/18,17:19:05,,,,,,,,,,,,,,,,,,,,,,,,,,,33,35.221782323999996,,,,,,,,,,,,,,,,,,,,,,,,,,,,,,,,,,,,
26/10/18,17:19:18,,,,,,,,,,,,,,,,,,,,,,,,,,,33,35.221782323999996,,,,,,,,,,,,,,,,,,,,,,,,,,,,,,,,,,,,
26/10/18,17:19:26,,,,,,,,,,,,,,,,,,,,,,,,,,,33,35.221782323999996,,,,,,,,,,,,,,,,,,,,,,,,,,,,,,,,,,,,
26/10/18,17:19:27,,,,,,,,,,,,,,,,,,,,,,,,,,,33,35.221782323999996,,,,,,,,,,,,,,,,,,,,,,,,,,,,,,,,,,,,
26/10/18,17:19:35,,,,,,,,,,,,,,,,,,,,,,,,,,,33,35.221782323999996,,,,,,,,,,,,,,,,,,,,,,,,,,,,,,,,,,,,
26/10/18,17:19:48,,,,,,,,,,,,,,,,,,,,,,,,,,,33,35.221782323999996,,,,,,,,,,,,,,,,,,,,,,,,,,,,,,,,,,,,
26/10/18,17:19:56,,,,,,,,,,,,,,,,,,,,,,,,,,,33,35.221782323999996,,,,,,,,,,,,,,,,,,,,,,,,,,,,,,,,,,,,
26/10/18,17:19:57,,,,,,,,,,,,,,,,,,,,,,,,,,,,,,,,,,,,,,,,,,,,,,,,,,,,,,,,,,,,,,,,
26/10/18,17:20:05,,,,,,,,,,,,,,,,,,,,,,,,,,,33,35.221782323999996,,,,,,,,,,,,,,,,,,,,,,,,,,,,,,,,,,,,
26/10/18,17:20:18,,,,,,,,,,,,,,,,,,,,,,,,,,,33,35.221782323999996,,,,,,,,,,,,,,,,,,,,,,,,,,,,,,,,,,,,
26/10/18,17:20:26,,,,,,,,,,,,,,,,,,,,,,,,,,,33,35.221782323999996,,,,,,,,,,,,,,,,,,,,,,,,,,,,,,,,,,,,
26/10/18,17:20:27,,,,,,,,,,,,,,,,,,,,,,,,,,,33,35.221782323999996,,,,,,,,,,,,,,,,,,,,,,,,,,,,,,,,,,,,
26/10/18,17:20:35,,,,,,,,,,,,,,,,,,,,,,,,,,,33,35.221782323999996,,,,,,,,,,,,,,,,,,,,,,,,,,,,,,,,,,,,
26/10/18,17:20:48,,,,,,,,,,,,,,,,,,,,,,,,,,,33,35.221782323999996,,,,,,,,,,,,,,,,,,,,,,,,,,,,,,,,,,,,
26/10/18,17:20:56,,,,,,,,,,,,,,,,,,,,,,,,,,,33,35.221782323999996,,,,,,,,,,,,,,,,,,,,,,,,,,,,,,,,,,,,
26/10/18,17:20:57,,,,,,,,,,,,,,,,,,,,,,,,,,,,,,,,,,,,,,,,,,,,,,,,,,,,,,,,,,,,,,,,
26/10/18,17:21:05,,,,,,,,,,,,,,,,,,,,,,,,,,,33,35.221782323999996,,,,,,,,,,,,,,,,,,,,,,,,,,,,,,,,,,,,
26/10/18,17:21:18,,,,,,,,,,,,,,,,,,,,,,,,,,,33,35.221782323999996,,,,,,,,,,,,,,,,,,,,,,,,,,,,,,,,,,,,
26/10/18,17:21:26,,,,,,,,,,,,,,,,,,,,,,,,,,,33,35.221782323999996,,,,,,,,,,,,,,,,,,,,,,,,,,,,,,,,,,,,
26/10/18,17:21:27,,,,,,,,,,,,,,,,,,,,,,,,,,,33,35.221782323999996,,,,,,,,,,,,,,,,,,,,,,,,,,,,,,,,,,,,
26/10/18,17:21:35,,,,,,,,,,,,,,,,,,,,,,,,,,,33,35.221782323999996,,,,,,,,,,,,,,,,,,,,,,,,,,,,,,,,,,,,
26/10/18,17:21:48,,,,,,,,,,,,,,,,,,,,,,,,,,,33,35.221782323999996,,,,,,,,,,,,,,,,,,,,,,,,,,,,,,,,,,,,
26/10/18,17:21:56,,,,,,,,,,,,,,,,,,,,,,,,,,,33,35.221782323999996,,,,,,,,,,,,,,,,,,,,,,,,,,,,,,,,,,,,
26/10/18,17:21:57,,,,,,,,,,,,,,,,,,,,,,,,,,,,,,,,,,,,,,,,,,,,,,,,,,,,,,,,,,,,,,,,
26/10/18,17:22:05,,,,,,,,,,,,,,,,,,,,,,,,,,,33,35.221782323999996,,,,,,,,,,,,,,,,,,,,,,,,,,,,,,,,,,,,
26/10/18,17:22:18,,,,,,,,,,,,,,,,,,,,,,,,,,,33,35.221782323999996,,,,,,,,,,,,,,,,,,,,,,,,,,,,,,,,,,,,
26/10/18,17:22:26,,,,,,,,,,,,,,,,,,,,,,,,,,,33,35.221782323999996,,,,,,,,,,,,,,,,,,,,,,,,,,,,,,,,,,,,
26/10/18,17:22:27,,,,,,,,,,,,,,,,,,,,,,,,,,,33,35.221782323999996,,,,,,,,,,,,,,,,,,,,,,,,,,,,,,,,,,,,
26/10/18,17:22:35,,,,,,,,,,,,,,,,,,,,,,,,,,,33,35.221782323999996,,,,,,,,,,,,,,,,,,,,,,,,,,,,,,,,,,,,
26/10/18,17:22:48,,,,,,,,,,,,,,,,,,,,,,,,,,,33,35.221782323999996,,,,,,,,,,,,,,,,,,,,,,,,,,,,,,,,,,,,
26/10/18,17:22:56,,,,,,,,,,,,,,,,,,,,,,,,,,,33,35.221782323999996,,,,,,,,,,,,,,,,,,,,,,,,,,,,,,,,,,,,
26/10/18,17:22:57,,,,,,,,,,,,,,,,,,,,,,,,,,,,,,,,,,,,,,,,,,,,,,,,,,,,,,,,,,,,,,,,
26/10/18,17:23:05,,,,,,,,,,,,,,,,,,,,,,,,,,,33,35.221782323999996,,,,,,,,,,,,,,,,,,,,,,,,,,,,,,,,,,,,
26/10/18,17:23:18,,,,,,,,,,,,,,,,,,,,,,,,,,,33,35.221782323999996,,,,,,,,,,,,,,,,,,,,,,,,,,,,,,,,,,,,
26/10/18,17:23:26,,,,,,,,,,,,,,,,,,,,,,,,,,,33,35.221782323999996,,,,,,,,,,,,,,,,,,,,,,,,,,,,,,,,,,,,
26/10/18,17:23:27,,,,,,,,,,,,,,,,,,,,,,,,,,,33,35.221782323999996,,,,,,,,,,,,,,,,,,,,,,,,,,,,,,,,,,,,
26/10/18,17:23:35,,,,,,,,,,,,,,,,,,,,,,,,,,,33,35.221782323999996,,,,,,,,,,,,,,,,,,,,,,,,,,,,,,,,,,,,
26/10/18,17:23:48,,,,,,,,,,,,,,,,,,,,,,,,,,,33,35.221782323999996,,,,,,,,,,,,,,,,,,,,,,,,,,,,,,,,,,,,
26/10/18,17:23:56,,,,,,,,,,,,,,,,,,,,,,,,,,,33,35.221782323999996,,,,,,,,,,,,,,,,,,,,,,,,,,,,,,,,,,,,
26/10/18,17:23:57,,,,,,,,,,,,,,,,,,,,,,,,,,,,,,,,,,,,,,,,,,,,,,,,,,,,,,,,,,,,,,,,
26/10/18,17:24:05,,,,,,,,,,,,,,,,,,,,,,,,,,,33,35.221782323999996,,,,,,,,,,,,,,,,,,,,,,,,,,,,,,,,,,,,
26/10/18,17:24:18,,,,,,,,,,,,,,,,,,,,,,,,,,,33,35.221782323999996,,,,,,,,,,,,,,,,,,,,,,,,,,,,,,,,,,,,
26/10/18,17:24:26,,,,,,,,,,,,,,,,,,,,,,,,,,,33,35.221782323999996,,,,,,,,,,,,,,,,,,,,,,,,,,,,,,,,,,,,
26/10/18,17:24:27,,,,,,,,,,,,,,,,,,,,,,,,,,,33,35.221782323999996,,,,,,,,,,,,,,,,,,,,,,,,,,,,,,,,,,,,
26/10/18,17:24:35,,,,,,,,,,,,,,,,,,,,,,,,,,,33,35.221782323999996,,,,,,,,,,,,,,,,,,,,,,,,,,,,,,,,,,,,
26/10/18,17:24:48,,,,,,,,,,,,,,,,,,,,,,,,,,,33,35.56883864766667,,,,,,,,,,,,,,,,,,,,,,,,,,,,,,,,,,,,
26/10/18,17:24:56,,,,,,,,,,,,,,,,,,,,,,,,,,,33,35.221782323999996,,,,,,,,,,,,,,,,,,,,,,,,,,,,,,,,,,,,
26/10/18,17:24:57,,,,,,,,,,,,,,,,,,,,,,,,,,,,,,,,,,,,,,,,,,,,,,,,,,,,,,,,,,,,,,,,
26/10/18,17:25:05,,,,,,,,,,,,,,,,,,,,,,,,,,,33,35.221782323999996,,,,,,,,,,,,,,,,,,,,,,,,,,,,,,,,,,,,
26/10/18,17:25:18,,,,,,,,,,,,,,,,,,,,,,,,,,,33,35.221782323999996,,,,,,,,,,,,,,,,,,,,,,,,,,,,,,,,,,,,
26/10/18,17:25:26,,,,,,,,,,,,,,,,,,,,,,,,,,,33,35.221782323999996,,,,,,,,,,,,,,,,,,,,,,,,,,,,,,,,,,,,
26/10/18,17:25:27,,,,,,,,,,,,,,,,,,,,,,,,,,,33,35.221782323999996,,,,,,,,,,,,,,,,,,,,,,,,,,,,,,,,,,,,
26/10/18,17:25:35,,,,,,,,,,,,,,,,,,,,,,,,,,,33,35.221782323999996,,,,,,,,,,,,,,,,,,,,,,,,,,,,,,,,,,,,
26/10/18,17:25:48,,,,,,,,,,,,,,,,,,,,,,,,,,,33,35.221782323999996,,,,,,,,,,,,,,,,,,,,,,,,,,,,,,,,,,,,
26/10/18,17:25:56,,,,,,,,,,,,,,,,,,,,,,,,,,,33,35.221782323999996,,,,,,,,,,,,,,,,,,,,,,,,,,,,,,,,,,,,
26/10/18,17:25:57,,,,,,,,,,,,,,,,,,,,,,,,,,,,,,,,,,,,,,,,,,,,,,,,,,,,,,,,,,,,,,,,
26/10/18,17:26:05,,,,,,,,,,,,,,,,,,,,,,,,,,,33,35.221782323999996,,,,,,,,,,,,,,,,,,,,,,,,,,,,,,,,,,,,
26/10/18,17:26:18,,,,,,,,,,,,,,,,,,,,,,,,,,,33,35.221782323999996,,,,,,,,,,,,,,,,,,,,,,,,,,,,,,,,,,,,
26/10/18,17:26:26,,,,,,,,,,,,,,,,,,,,,,,,,,,33,35.221782323999996,,,,,,,,,,,,,,,,,,,,,,,,,,,,,,,,,,,,
26/10/18,17:26:27,,,,,,,,,,,,,,,,,,,,,,,,,,,33,35.221782323999996,,,,,,,,,,,,,,,,,,,,,,,,,,,,,,,,,,,,
26/10/18,17:26:35,,,,,,,,,,,,,,,,,,,,,,,,,,,,,,,,,,,,,,,,,,,,,,,,,,,,,,,,,,,,,,,,
26/10/18,17:26:48,,,,,,,,,,,,,,,,,,,,,,,,,,,33,35.221782323999996,,,,,,,,,,,,,,,,,,,,,,,,,,,,,,,,,,,,
26/10/18,17:26:56,,,,,,,,,,,,,,,,,,,,,,,,,,,33,35.221782323999996,,,,,,,,,,,,,,,,,,,,,,,,,,,,,,,,,,,,
26/10/18,17:26:57,,,,,,,,,,,,,,,,,,,,,,,,,,,,,,,,,,,,,,,,,,,,,,,,,,,,,,,,,,,,,,,,
26/10/18,17:27:05,,,,,,,,,,,,,,,,,,,,,,,,,,,33,35.221782323999996,,,,,,,,,,,,,,,,,,,,,,,,,,,,,,,,,,,,
26/10/18,17:27:18,,,,,,,,,,,,,,,,,,,,,,,,,,,33,35.221782323999996,,,,,,,,,,,,,,,,,,,,,,,,,,,,,,,,,,,,
26/10/18,17:27:26,,,,,,,,,,,,,,,,,,,,,,,,,,,33,35.221782323999996,,,,,,,,,,,,,,,,,,,,,,,,,,,,,,,,,,,,
26/10/18,17:27:27,,,,,,,,,,,,,,,,,,,,,,,,,,,34,36.262951295,,,,,,,,,,,,,,,,,,,,,,,,,,,,,,,,,,,,
26/10/18,17:27:35,,,,,,,,,,,,,,,,,,,,,,,,,,,33,35.221782323999996,,,,,,,,,,,,,,,,,,,,,,,,,,,,,,,,,,,,
26/10/18,17:27:48,,,,,,,,,,,,,,,,,,,,,,,,,,,33,35.221782323999996,,,,,,,,,,,,,,,,,,,,,,,,,,,,,,,,,,,,
26/10/18,17:27:56,,,,,,,,,,,,,,,,,,,,,,,,,,,33,35.221782323999996,,,,,,,,,,,,,,,,,,,,,,,,,,,,,,,,,,,,
26/10/18,17:27:57,,,,,,,,,,,,,,,,,,,,,,,,,,,,,,,,,,,,,,,,,,,,,,,,,,,,,,,,,,,,,,,,
26/10/18,17:28:05,,,,,,,,,,,,,,,,,,,,,,,,,,,33,35.221782323999996,,,,,,,,,,,,,,,,,,,,,,,,,,,,,,,,,,,,
26/10/18,17:28:18,,,,,,,,,,,,,,,,,,,,,,,,,,,33,35.56883864766667,,,,,,,,,,,,,,,,,,,,,,,,,,,,,,,,,,,,
26/10/18,17:28:26,,,,,,,,,,,,,,,,,,,,,,,,,,,33,35.221782323999996,,,,,,,,,,,,,,,,,,,,,,,,,,,,,,,,,,,,
26/10/18,17:28:27,,,,,,,,,,,,,,,,,,,,,,,,,,,33,35.221782323999996,,,,,,,,,,,,,,,,,,,,,,,,,,,,,,,,,,,,
26/10/18,17:28:35,,,,,,,,,,,,,,,,,,,,,,,,,,,33,35.221782323999996,,,,,,,,,,,,,,,,,,,,,,,,,,,,,,,,,,,,
26/10/18,17:28:48,,,,,,,,,,,,,,,,,,,,,,,,,,,33,35.221782323999996,,,,,,,,,,,,,,,,,,,,,,,,,,,,,,,,,,,,
26/10/18,17:28:56,,,,,,,,,,,,,,,,,,,,,,,,,,,33,35.221782323999996,,,,,,,,,,,,,,,,,,,,,,,,,,,,,,,,,,,,
26/10/18,17:28:57,,,,,,,,,,,,,,,,,,,,,,,,,,,,,,,,,,,,,,,,,,,,,,,,,,,,,,,,,,,,,,,,
26/10/18,17:29:05,,,,,,,,,,,,,,,,,,,,,,,,,,,33,35.221782323999996,,,,,,,,,,,,,,,,,,,,,,,,,,,,,,,,,,,,
26/10/18,17:29:18,,,,,,,,,,,,,,,,,,,,,,,,,,,33,35.221782323999996,,,,,,,,,,,,,,,,,,,,,,,,,,,,,,,,,,,,
26/10/18,17:29:26,,,,,,,,,,,,,,,,,,,,,,,,,,,33,35.221782323999996,,,,,,,,,,,,,,,,,,,,,,,,,,,,,,,,,,,,
26/10/18,17:29:27,,,,,,,,,,,,,,,,,,,,,,,,,,,33,35.221782323999996,,,,,,,,,,,,,,,,,,,,,,,,,,,,,,,,,,,,
26/10/18,17:29:35,,,,,,,,,,,,,,,,,,,,,,,,,,,33,35.221782323999996,,,,,,,,,,,,,,,,,,,,,,,,,,,,,,,,,,,,
26/10/18,17:29:48,,,,,,,,,,,,,,,,,,,,,,,,,,,33,35.91589497133333,,,,,,,,,,,,,,,,,,,,,,,,,,,,,,,,,,,,
26/10/18,17:29:56,,,,,,,,,,,,,,,,,,,,,,,,,,,33,35.221782323999996,,,,,,,,,,,,,,,,,,,,,,,,,,,,,,,,,,,,
26/10/18,17:29:57,,,,,,,,,,,,,,,,,,,,,,,,,,,,,,,,,,,,,,,,,,,,,,,,,,,,,,,,,,,,,,,,
26/10/18,17:30:05,,,,,,,,,,,,,,,,,,,,,,,,,,,33,35.221782323999996,,,,,,,,,,,,,,,,,,,,,,,,,,,,,,,,,,,,
26/10/18,17:30:18,,,,,,,,,,,,,,,,,,,,,,,,,,,33,35.56883864766667,,,,,,,,,,,,,,,,,,,,,,,,,,,,,,,,,,,,
26/10/18,17:30:26,,,,,,,,,,,,,,,,,,,,,,,,,,,33,35.221782323999996,,,,,,,,,,,,,,,,,,,,,,,,,,,,,,,,,,,,
26/10/18,17:30:27,,,,,,,,,,,,,,,,,,,,,,,,,,,34,36.262951295,,,,,,,,,,,,,,,,,,,,,,,,,,,,,,,,,,,,
26/10/18,17:30:35,,,,,,,,,,,,,,,,,,,,,,,,,,,33,35.221782323999996,,,,,,,,,,,,,,,,,,,,,,,,,,,,,,,,,,,,
26/10/18,17:30:48,,,,,,,,,,,,,,,,,,,,,,,,,,,33,35.56883864766667,,,,,,,,,,,,,,,,,,,,,,,,,,,,,,,,,,,,
26/10/18,17:30:56,,,,,,,,,,,,,,,,,,,,,,,,,,,33,35.221782323999996,,,,,,,,,,,,,,,,,,,,,,,,,,,,,,,,,,,,
26/10/18,17:30:57,,,,,,,,,,,,,,,,,,,,,,,,,,,,,,,,,,,,,,,,,,,,,,,,,,,,,,,,,,,,,,,,
26/10/18,17:31:05,,,,,,,,,,,,,,,,,,,,,,,,,,,33,35.221782323999996,,,,,,,,,,,,,,,,,,,,,,,,,,,,,,,,,,,,
26/10/18,17:31:18,,,,,,,,,,,,,,,,,,,,,,,,,,,33,35.56883864766667,,,,,,,,,,,,,,,,,,,,,,,,,,,,,,,,,,,,
26/10/18,17:31:26,,,,,,,,,,,,,,,,,,,,,,,,,,,33,35.221782323999996,,,,,,,,,,,,,,,,,,,,,,,,,,,,,,,,,,,,
26/10/18,17:31:27,,,,,,,,,,,,,,,,,,,,,,,,,,,34,36.262951295,,,,,,,,,,,,,,,,,,,,,,,,,,,,,,,,,,,,
26/10/18,17:31:35,,,,,,,,,,,,,,,,,,,,,,,,,,,34,36.262951295,,,,,,,,,,,,,,,,,,,,,,,,,,,,,,,,,,,,
26/10/18,17:31:48,,,,,,,,,,,,,,,,,,,,,,,,,,,33,35.56883864766667,,,,,,,,,,,,,,,,,,,,,,,,,,,,,,,,,,,,
26/10/18,17:31:56,,,,,,,,,,,,,,,,,,,,,,,,,,,33,35.221782323999996,,,,,,,,,,,,,,,,,,,,,,,,,,,,,,,,,,,,
26/10/18,17:31:57,,,,,,,,,,,,,,,,,,,,,,,,,,,,,,,,,,,,,,,,,,,,,,,,,,,,,,,,,,,,,,,,
26/10/18,17:32:05,,,,,,,,,,,,,,,,,,,,,,,,,,,33,35.221782323999996,,,,,,,,,,,,,,,,,,,,,,,,,,,,,,,,,,,,
26/10/18,17:32:18,,,,,,,,,,,,,,,,,,,,,,,,,,,33,35.56883864766667,,,,,,,,,,,,,,,,,,,,,,,,,,,,,,,,,,,,
26/10/18,17:32:26,,,,,,,,,,,,,,,,,,,,,,,,,,,33,35.221782323999996,,,,,,,,,,,,,,,,,,,,,,,,,,,,,,,,,,,,
26/10/18,17:32:27,,,,,,,,,,,,,,,,,,,,,,,,,,,33,35.221782323999996,,,,,,,,,,,,,,,,,,,,,,,,,,,,,,,,,,,,
26/10/18,17:32:35,,,,,,,,,,,,,,,,,,,,,,,,,,,34,36.262951295,,,,,,,,,,,,,,,,,,,,,,,,,,,,,,,,,,,,
26/10/18,17:32:48,,,,,,,,,,,,,,,,,,,,,,,,,,,33,35.221782323999996,,,,,,,,,,,,,,,,,,,,,,,,,,,,,,,,,,,,
26/10/18,17:32:56,,,,,,,,,,,,,,,,,,,,,,,,,,,33,35.7423668095,,,,,,,,,,,,,,,,,,,,,,,,,,,,,,,,,,,,
26/10/18,17:32:57,,,,,,,,,,,,,,,,,,,,,,,,,,,,,,,,,,,,,,,,,,,,,,,,,,,,,,,,,,,,,,,,
26/10/18,17:33:05,,,,,,,,,,,,,,,,,,,,,,,,,,,33,35.221782323999996,,,,,,,,,,,,,,,,,,,,,,,,,,,,,,,,,,,,
26/10/18,17:33:18,,,,,,,,,,,,,,,,,,,,,,,,,,,33,35.221782323999996,,,,,,,,,,,,,,,,,,,,,,,,,,,,,,,,,,,,
26/10/18,17:33:26,,,,,,,,,,,,,,,,,,,,,,,,,,,33,35.221782323999996,,,,,,,,,,,,,,,,,,,,,,,,,,,,,,,,,,,,
26/10/18,17:33:27,,,,,,,,,,,,,,,,,,,,,,,,,,,33,35.221782323999996,,,,,,,,,,,,,,,,,,,,,,,,,,,,,,,,,,,,
26/10/18,17:33:35,,,,,,,,,,,,,,,,,,,,,,,,,,,34,36.262951295,,,,,,,,,,,,,,,,,,,,,,,,,,,,,,,,,,,,
26/10/18,17:33:48,,,,,,,,,,,,,,,,,,,,,,,,,,,33,36.002659052249996,,,,,,,,,,,,,,,,,,,,,,,,,,,,,,,,,,,,
26/10/18,17:33:56,,,,,,,,,,,,,,,,,,,,,,,,,,,34,36.262951295,,,,,,,,,,,,,,,,,,,,,,,,,,,,,,,,,,,,
26/10/18,17:33:57,,,,,,,,,,,,,,,,,,,,,,,,,,,,,,,,,,,,,,,,,,,,,,,,,,,,,,,,,,,,,,,,
26/10/18,17:34:05,,,,,,,,,,,,,,,,,,,,,,,,,,,33,35.7423668095,,,,,,,,,,,,,,,,,,,,,,,,,,,,,,,,,,,,
26/10/18,17:34:18,,,,,,,,,,,,,,,,,,,,,,,,,,,34,36.262951295,,,,,,,,,,,,,,,,,,,,,,,,,,,,,,,,,,,,
26/10/18,17:34:26,,,,,,,,,,,,,,,,,,,,,,,,,,,33,35.221782323999996,,,,,,,,,,,,,,,,,,,,,,,,,,,,,,,,,,,,
26/10/18,17:34:27,,,,,,,,,,,,,,,,,,,,,,,,,,,34,36.262951295,,,,,,,,,,,,,,,,,,,,,,,,,,,,,,,,,,,,
26/10/18,17:34:35,,,,,,,,,,,,,,,,,,,,,,,,,,,33,35.221782323999996,,,,,,,,,,,,,,,,,,,,,,,,,,,,,,,,,,,,
26/10/18,17:34:48,,,,,,,,,,,,,,,,,,,,,,,,,,,34,36.262951295,,,,,,,,,,,,,,,,,,,,,,,,,,,,,,,,,,,,
26/10/18,17:34:56,,,,,,,,,,,,,,,,,,,,,,,,,,,33,35.7423668095,,,,,,,,,,,,,,,,,,,,,,,,,,,,,,,,,,,,
26/10/18,17:34:57,,,,,,,,,,,,,,,,,,,,,,,,,,,,,,,,,,,,,,,,,,,,,,,,,,,,,,,,,,,,,,,,
26/10/18,17:35:05,,,,,,,,,,,,,,,,,,,,,,,,,,,34,36.262951295,,,,,,,,,,,,,,,,,,,,,,,,,,,,,,,,,,,,
26/10/18,17:35:18,,,,,,,,,,,,,,,,,,,,,,,,,,,34,36.262951295,,,,,,,,,,,,,,,,,,,,,,,,,,,,,,,,,,,,
26/10/18,17:35:26,,,,,,,,,,,,,,,,,,,,,,,,,,,33,35.221782323999996,,,,,,,,,,,,,,,,,,,,,,,,,,,,,,,,,,,,
26/10/18,17:35:27,,,,,,,,,,,,,,,,,,,,,,,,,,,33,35.221782323999996,,,,,,,,,,,,,,,,,,,,,,,,,,,,,,,,,,,,
26/10/18,17:35:35,,,,,,,,,,,,,,,,,,,,,,,,,,,34,36.262951295,,,,,,,,,,,,,,,,,,,,,,,,,,,,,,,,,,,,
26/10/18,17:35:48,,,,,,,,,,,,,,,,,,,,,,,,,,,33,35.91589497133333,,,,,,,,,,,,,,,,,,,,,,,,,,,,,,,,,,,,
26/10/18,17:35:56,,,,,,,,,,,,,,,,,,,,,,,,,,,33,35.221782323999996,,,,,,,,,,,,,,,,,,,,,,,,,,,,,,,,,,,,
26/10/18,17:35:57,,,,,,,,,,,,,,,,,,,,,,,,,,,,,,,,,,,,,,,,,,,,,,,,,,,,,,,,,,,,,,,,
26/10/18,17:36:05,,,,,,,,,,,,,,,,,,,,,,,,,,,33,35.7423668095,,,,,,,,,,,,,,,,,,,,,,,,,,,,,,,,,,,,
26/10/18,17:36:18,,,,,,,,,,,,,,,,,,,,,,,,,,,33,35.91589497133333,,,,,,,,,,,,,,,,,,,,,,,,,,,,,,,,,,,,
26/10/18,17:36:26,,,,,,,,,,,,,,,,,,,,,,,,,,,33,35.221782323999996,,,,,,,,,,,,,,,,,,,,,,,,,,,,,,,,,,,,
26/10/18,17:36:27,,,,,,,,,,,,,,,,,,,,,,,,,,,,,,,,,,,,,,,,,,,,,,,,,,,,,,,,,,,,,,,,
26/10/18,17:36:35,,,,,,,,,,,,,,,,,,,,,,,,,,,34,36.262951295,,,,,,,,,,,,,,,,,,,,,,,,,,,,,,,,,,,,
26/10/18,17:36:48,,,,,,,,,,,,,,,,,,,,,,,,,,,33,35.56883864766667,,,,,,,,,,,,,,,,,,,,,,,,,,,,,,,,,,,,
26/10/18,17:36:56,,,,,,,,,,,,,,,,,,,,,,,,,,,34,36.262951295,,,,,,,,,,,,,,,,,,,,,,,,,,,,,,,,,,,,
26/10/18,17:36:57,,,,,,,,,,,,,,,,,,,,,,,,,,,,,,,,,,,,,,,,,,,,,,,,,,,,,,,,,,,,,,,,
26/10/18,17:37:05,,,,,,,,,,,,,,,,,,,,,,,,,,,34,36.262951295,,,,,,,,,,,,,,,,,,,,,,,,,,,,,,,,,,,,
26/10/18,17:37:18,,,,,,,,,,,,,,,,,,,,,,,,,,,34,36.262951295,,,,,,,,,,,,,,,,,,,,,,,,,,,,,,,,,,,,
26/10/18,17:37:26,,,,,,,,,,,,,,,,,,,,,,,,,,,34,36.262951295,,,,,,,,,,,,,,,,,,,,,,,,,,,,,,,,,,,,
26/10/18,17:37:27,,,,,,,,,,,,,,,,,,,,,,,,,,,,,,,,,,,,,,,,,,,,,,,,,,,,,,,,,,,,,,,,
26/10/18,17:37:35,,,,,,,,,,,,,,,,,,,,,,,,,,,34,36.262951295,,,,,,,,,,,,,,,,,,,,,,,,,,,,,,,,,,,,
26/10/18,17:37:48,,,,,,,,,,,,,,,,,,,,,,,,,,,34,36.262951295,,,,,,,,,,,,,,,,,,,,,,,,,,,,,,,,,,,,
26/10/18,17:37:56,,,,,,,,,,,,,,,,,,,,,,,,,,,34,36.262951295,,,,,,,,,,,,,,,,,,,,,,,,,,,,,,,,,,,,
26/10/18,17:37:57,,,,,,,,,,,,,,,,,,,,,,,,,,,,,,,,,,,,,,,,,,,,,,,,,,,,,,,,,,,,,,,,
26/10/18,17:38:05,,,,,,,,,,,,,,,,,,,,,,,,,,,34,36.262951295,,,,,,,,,,,,,,,,,,,,,,,,,,,,,,,,,,,,
26/10/18,17:38:18,,,,,,,,,,,,,,,,,,,,,,,,,,,33,35.91589497133333,,,,,,,,,,,,,,,,,,,,,,,,,,,,,,,,,,,,
26/10/18,17:38:26,,,,,,,,,,,,,,,,,,,,,,,,,,,34,36.262951295,,,,,,,,,,,,,,,,,,,,,,,,,,,,,,,,,,,,
26/10/18,17:38:27,,,,,,,,,,,,,,,,,,,,,,,,,,,,,,,,,,,,,,,,,,,,,,,,,,,,,,,,,,,,,,,,
26/10/18,17:38:35,,,,,,,,,,,,,,,,,,,,,,,,,,,34,36.262951295,,,,,,,,,,,,,,,,,,,,,,,,,,,,,,,,,,,,
26/10/18,17:38:48,,,,,,,,,,,,,,,,,,,,,,,,,,,34,36.262951295,,,,,,,,,,,,,,,,,,,,,,,,,,,,,,,,,,,,
26/10/18,17:38:56,,,,,,,,,,,,,,,,,,,,,,,,,,,34,36.262951295,,,,,,,,,,,,,,,,,,,,,,,,,,,,,,,,,,,,
26/10/18,17:38:57,,,,,,,,,,,,,,,,,,,,,,,,,,,,,,,,,,,,,,,,,,,,,,,,,,,,,,,,,,,,,,,,
26/10/18,17:39:05,,,,,,,,,,,,,,,,,,,,,,,,,,,33,35.7423668095,,,,,,,,,,,,,,,,,,,,,,,,,,,,,,,,,,,,
26/10/18,17:39:18,,,,,,,,,,,,,,,,,,,,,,,,,,,33,35.91589497133333,,,,,,,,,,,,,,,,,,,,,,,,,,,,,,,,,,,,
26/10/18,17:39:26,,,,,,,,,,,,,,,,,,,,,,,,,,,34,36.262951295,,,,,,,,,,,,,,,,,,,,,,,,,,,,,,,,,,,,
26/10/18,17:39:27,,,,,,,,,,,,,,,,,,,,,,,,,,,,,,,,,,,,,,,,,,,,,,,,,,,,,,,,,,,,,,,,
26/10/18,17:39:35,,,,,,,,,,,,,,,,,,,,,,,,,,,34,36.262951295,,,,,,,,,,,,,,,,,,,,,,,,,,,,,,,,,,,,
26/10/18,17:39:48,,,,,,,,,,,,,,,,,,,,,,,,,,,34,36.262951295,,,,,,,,,,,,,,,,,,,,,,,,,,,,,,,,,,,,
26/10/18,17:39:56,,,,,,,,,,,,,,,,,,,,,,,,,,,34,36.262951295,,,,,,,,,,,,,,,,,,,,,,,,,,,,,,,,,,,,
26/10/18,17:39:57,,,,,,,,,,,,,,,,,,,,,,,,,,,,,,,,,,,,,,,,,,,,,,,,,,,,,,,,,,,,,,,,
26/10/18,17:40:05,,,,,,,,,,,,,,,,,,,,,,,,,,,34,36.262951295,,,,,,,,,,,,,,,,,,,,,,,,,,,,,,,,,,,,
26/10/18,17:40:18,,,,,,,,,,,,,,,,,,,,,,,,,,,34,36.262951295,,,,,,,,,,,,,,,,,,,,,,,,,,,,,,,,,,,,
26/10/18,17:40:26,,,,,,,,,,,,,,,,,,,,,,,,,,,34,36.262951295,,,,,,,,,,,,,,,,,,,,,,,,,,,,,,,,,,,,
26/10/18,17:40:27,,,,,,,,,,,,,,,,,,,,,,,,,,,,,,,,,,,,,,,,,,,,,,,,,,,,,,,,,,,,,,,,
26/10/18,17:40:35,,,,,,,,,,,,,,,,,,,,,,,,,,,34,36.262951295,,,,,,,,,,,,,,,,,,,,,,,,,,,,,,,,,,,,
26/10/18,17:40:48,,,,,,,,,,,,,,,,,,,,,,,,,,,33,35.91589497133333,,,,,,,,,,,,,,,,,,,,,,,,,,,,,,,,,,,,
26/10/18,17:40:56,,,,,,,,,,,,,,,,,,,,,,,,,,,33,35.7423668095,,,,,,,,,,,,,,,,,,,,,,,,,,,,,,,,,,,,
26/10/18,17:40:57,,,,,,,,,,,,,,,,,,,,,,,,,,,,,,,,,,,,,,,,,,,,,,,,,,,,,,,,,,,,,,,,
26/10/18,17:41:05,,,,,,,,,,,,,,,,,,,,,,,,,,,34,36.262951295,,,,,,,,,,,,,,,,,,,,,,,,,,,,,,,,,,,,
26/10/18,17:41:18,,,,,,,,,,,,,,,,,,,,,,,,,,,34,36.262951295,,,,,,,,,,,,,,,,,,,,,,,,,,,,,,,,,,,,
26/10/18,17:41:26,,,,,,,,,,,,,,,,,,,,,,,,,,,34,36.262951295,,,,,,,,,,,,,,,,,,,,,,,,,,,,,,,,,,,,
26/10/18,17:41:27,,,,,,,,,,,,,,,,,,,,,,,,,,,,,,,,,,,,,,,,,,,,,,,,,,,,,,,,,,,,,,,,
26/10/18,17:41:35,,,,,,,,,,,,,,,,,,,,,,,,,,,34,36.262951295,,,,,,,,,,,,,,,,,,,,,,,,,,,,,,,,,,,,
26/10/18,17:41:48,,,,,,,,,,,,,,,,,,,,,,,,,,,34,36.262951295,,,,,,,,,,,,,,,,,,,,,,,,,,,,,,,,,,,,
26/10/18,17:41:56,,,,,,,,,,,,,,,,,,,,,,,,,,,34,36.262951295,,,,,,,,,,,,,,,,,,,,,,,,,,,,,,,,,,,,
26/10/18,17:41:57,,,,,,,,,,,,,,,,,,,,,,,,,,,,,,,,,,,,,,,,,,,,,,,,,,,,,,,,,,,,,,,,
26/10/18,17:42:05,,,,,,,,,,,,,,,,,,,,,,,,,,,34,36.262951295,,,,,,,,,,,,,,,,,,,,,,,,,,,,,,,,,,,,
26/10/18,17:42:18,,,,,,,,,,,,,,,,,,,,,,,,,,,34,36.262951295,,,,,,,,,,,,,,,,,,,,,,,,,,,,,,,,,,,,
26/10/18,17:42:26,,,,,,,,,,,,,,,,,,,,,,,,,,,34,36.262951295,,,,,,,,,,,,,,,,,,,,,,,,,,,,,,,,,,,,
26/10/18,17:42:27,,,,,,,,,,,,,,,,,,,,,,,,,,,,,,,,,,,,,,,,,,,,,,,,,,,,,,,,,,,,,,,,
26/10/18,17:42:35,,,,,,,,,,,,,,,,,,,,,,,,,,,34,36.262951295,,,,,,,,,,,,,,,,,,,,,,,,,,,,,,,,,,,,
26/10/18,17:42:48,,,,,,,,,,,,,,,,,,,,,,,,,,,34,36.262951295,,,,,,,,,,,,,,,,,,,,,,,,,,,,,,,,,,,,
26/10/18,17:42:56,,,,,,,,,,,,,,,,,,,,,,,,,,,34,36.262951295,,,,,,,,,,,,,,,,,,,,,,,,,,,,,,,,,,,,
26/10/18,17:42:57,,,,,,,,,,,,,,,,,,,,,,,,,,,,,,,,,,,,,,,,,,,,,,,,,,,,,,,,,,,,,,,,
26/10/18,17:43:05,,,,,,,,,,,,,,,,,,,,,,,,,,,34,36.262951295,,,,,,,,,,,,,,,,,,,,,,,,,,,,,,,,,,,,
26/10/18,17:43:18,,,,,,,,,,,,,,,,,,,,,,,,,,,34,36.262951295,,,,,,,,,,,,,,,,,,,,,,,,,,,,,,,,,,,,
26/10/18,17:43:26,,,,,,,,,,,,,,,,,,,,,,,,,,,34,36.262951295,,,,,,,,,,,,,,,,,,,,,,,,,,,,,,,,,,,,
26/10/18,17:43:27,,,,,,,,,,,,,,,,,,,,,,,,,,,,,,,,,,,,,,,,,,,,,,,,,,,,,,,,,,,,,,,,
26/10/18,17:43:35,,,,,,,,,,,,,,,,,,,,,,,,,,,34,36.262951295,,,,,,,,,,,,,,,,,,,,,,,,,,,,,,,,,,,,
26/10/18,17:43:48,,,,,,,,,,,,,,,,,,,,,,,,,,,33,35.7423668095,,,,,,,,,,,,,,,,,,,,,,,,,,,,,,,,,,,,
26/10/18,17:43:56,,,,,,,,,,,,,,,,,,,,,,,,,,,34,36.262951295,,,,,,,,,,,,,,,,,,,,,,,,,,,,,,,,,,,,
26/10/18,17:43:57,,,,,,,,,,,,,,,,,,,,,,,,,,,,,,,,,,,,,,,,,,,,,,,,,,,,,,,,,,,,,,,,
26/10/18,17:44:05,,,,,,,,,,,,,,,,,,,,,,,,,,,34,36.262951295,,,,,,,,,,,,,,,,,,,,,,,,,,,,,,,,,,,,
26/10/18,17:44:18,,,,,,,,,,,,,,,,,,,,,,,,,,,34,36.262951295,,,,,,,,,,,,,,,,,,,,,,,,,,,,,,,,,,,,
26/10/18,17:44:26,,,,,,,,,,,,,,,,,,,,,,,,,,,34,36.262951295,,,,,,,,,,,,,,,,,,,,,,,,,,,,,,,,,,,,
26/10/18,17:44:27,,,,,,,,,,,,,,,,,,,,,,,,,,,,,,,,,,,,,,,,,,,,,,,,,,,,,,,,,,,,,,,,
26/10/18,17:44:35,,,,,,,,,,,,,,,,,,,,,,,,,,,34,36.262951295,,,,,,,,,,,,,,,,,,,,,,,,,,,,,,,,,,,,
26/10/18,17:44:48,,,,,,,,,,,,,,,,,,,,,,,,,,,34,36.262951295,,,,,,,,,,,,,,,,,,,,,,,,,,,,,,,,,,,,
26/10/18,17:44:56,,,,,,,,,,,,,,,,,,,,,,,,,,,34,36.262951295,,,,,,,,,,,,,,,,,,,,,,,,,,,,,,,,,,,,
26/10/18,17:44:57,,,,,,,,,,,,,,,,,,,,,,,,,,,,,,,,,,,,,,,,,,,,,,,,,,,,,,,,,,,,,,,,
26/10/18,17:45:05,,,,,,,,,,,,,,,,,,,,,,,,,,,34,36.262951295,,,,,,,,,,,,,,,,,,,,,,,,,,,,,,,,,,,,
26/10/18,17:45:18,,,,,,,,,,,,,,,,,,,,,,,,,,,34,36.262951295,,,,,,,,,,,,,,,,,,,,,,,,,,,,,,,,,,,,
26/10/18,17:45:26,,,,,,,,,,,,,,,,,,,,,,,,,,,34,36.262951295,,,,,,,,,,,,,,,,,,,,,,,,,,,,,,,,,,,,
26/10/18,17:45:27,,,,,,,,,,,,,,,,,,,,,,,,,,,,,,,,,,,,,,,,,,,,,,,,,,,,,,,,,,,,,,,,
26/10/18,17:45:35,,,,,,,,,,,,,,,,,,,,,,,,,,,34,36.262951295,,,,,,,,,,,,,,,,,,,,,,,,,,,,,,,,,,,,
26/10/18,17:45:48,,,,,,,,,,,,,,,,,,,,,,,,,,,34,36.262951295,,,,,,,,,,,,,,,,,,,,,,,,,,,,,,,,,,,,
26/10/18,17:45:56,,,,,,,,,,,,,,,,,,,,,,,,,,,34,36.262951295,,,,,,,,,,,,,,,,,,,,,,,,,,,,,,,,,,,,
26/10/18,17:45:57,,,,,,,,,,,,,,,,,,,,,,,,,,,,,,,,,,,,,,,,,,,,,,,,,,,,,,,,,,,,,,,,
26/10/18,17:46:05,,,,,,,,,,,,,,,,,,,,,,,,,,,34,36.262951295,,,,,,,,,,,,,,,,,,,,,,,,,,,,,,,,,,,,
26/10/18,17:46:18,,,,,,,,,,,,,,,,,,,,,,,,,,,34,36.262951295,,,,,,,,,,,,,,,,,,,,,,,,,,,,,,,,,,,,
26/10/18,17:46:26,,,,,,,,,,,,,,,,,,,,,,,,,,,34,36.262951295,,,,,,,,,,,,,,,,,,,,,,,,,,,,,,,,,,,,
26/10/18,17:46:27,,,,,,,,,,,,,,,,,,,,,,,,,,,,,,,,,,,,,,,,,,,,,,,,,,,,,,,,,,,,,,,,
26/10/18,17:46:35,,,,,,,,,,,,,,,,,,,,,,,,,,,34,36.262951295,,,,,,,,,,,,,,,,,,,,,,,,,,,,,,,,,,,,
26/10/18,17:46:48,,,,,,,,,,,,,,,,,,,,,,,,,,,34,36.262951295,,,,,,,,,,,,,,,,,,,,,,,,,,,,,,,,,,,,
26/10/18,17:46:56,,,,,,,,,,,,,,,,,,,,,,,,,,,34,36.262951295,,,,,,,,,,,,,,,,,,,,,,,,,,,,,,,,,,,,
26/10/18,17:46:57,,,,,,,,,,,,,,,,,,,,,,,,,,,,,,,,,,,,,,,,,,,,,,,,,,,,,,,,,,,,,,,,
26/10/18,17:47:05,,,,,,,,,,,,,,,,,,,,,,,,,,,34,36.262951295,,,,,,,,,,,,,,,,,,,,,,,,,,,,,,,,,,,,
26/10/18,17:47:18,,,,,,,,,,,,,,,,,,,,,,,,,,,34,36.262951295,,,,,,,,,,,,,,,,,,,,,,,,,,,,,,,,,,,,
26/10/18,17:47:26,,,,,,,,,,,,,,,,,,,,,,,,,,,34,36.262951295,,,,,,,,,,,,,,,,,,,,,,,,,,,,,,,,,,,,
26/10/18,17:47:27,,,,,,,,,,,,,,,,,,,,,,,,,,,,,,,,,,,,,,,,,,,,,,,,,,,,,,,,,,,,,,,,
26/10/18,17:47:35,,,,,,,,,,,,,,,,,,,,,,,,,,,34,36.262951295,,,,,,,,,,,,,,,,,,,,,,,,,,,,,,,,,,,,
26/10/18,17:47:48,,,,,,,,,,,,,,,,,,,,,,,,,,,34,36.262951295,,,,,,,,,,,,,,,,,,,,,,,,,,,,,,,,,,,,
26/10/18,17:47:56,,,,,,,,,,,,,,,,,,,,,,,,,,,34,36.262951295,,,,,,,,,,,,,,,,,,,,,,,,,,,,,,,,,,,,
26/10/18,17:47:57,,,,,,,,,,,,,,,,,,,,,,,,,,,,,,,,,,,,,,,,,,,,,,,,,,,,,,,,,,,,,,,,
26/10/18,17:48:05,,,,,,,,,,,,,,,,,,,,,,,,,,,34,36.262951295,,,,,,,,,,,,,,,,,,,,,,,,,,,,,,,,,,,,
26/10/18,17:48:18,,,,,,,,,,,,,,,,,,,,,,,,,,,34,36.262951295,,,,,,,,,,,,,,,,,,,,,,,,,,,,,,,,,,,,
26/10/18,17:48:26,,,,,,,,,,,,,,,,,,,,,,,,,,,34,36.262951295,,,,,,,,,,,,,,,,,,,,,,,,,,,,,,,,,,,,
26/10/18,17:48:27,,,,,,,,,,,,,,,,,,,,,,,,,,,,,,,,,,,,,,,,,,,,,,,,,,,,,,,,,,,,,,,,
26/10/18,17:48:35,,,,,,,,,,,,,,,,,,,,,,,,,,,34,36.262951295,,,,,,,,,,,,,,,,,,,,,,,,,,,,,,,,,,,,
26/10/18,17:48:48,,,,,,,,,,,,,,,,,,,,,,,,,,,34,36.262951295,,,,,,,,,,,,,,,,,,,,,,,,,,,,,,,,,,,,
26/10/18,17:48:56,,,,,,,,,,,,,,,,,,,,,,,,,,,34,36.262951295,,,,,,,,,,,,,,,,,,,,,,,,,,,,,,,,,,,,
26/10/18,17:48:57,,,,,,,,,,,,,,,,,,,,,,,,,,,,,,,,,,,,,,,,,,,,,,,,,,,,,,,,,,,,,,,,
26/10/18,17:49:05,,,,,,,,,,,,,,,,,,,,,,,,,,,34,36.262951295,,,,,,,,,,,,,,,,,,,,,,,,,,,,,,,,,,,,
26/10/18,17:49:18,,,,,,,,,,,,,,,,,,,,,,,,,,,34,36.262951295,,,,,,,,,,,,,,,,,,,,,,,,,,,,,,,,,,,,
26/10/18,17:49:26,,,,,,,,,,,,,,,,,,,,,,,,,,,34,36.262951295,,,,,,,,,,,,,,,,,,,,,,,,,,,,,,,,,,,,
26/10/18,17:49:27,,,,,,,,,,,,,,,,,,,,,,,,,,,,,,,,,,,,,,,,,,,,,,,,,,,,,,,,,,,,,,,,
26/10/18,17:49:35,,,,,,,,,,,,,,,,,,,,,,,,,,,34,36.262951295,,,,,,,,,,,,,,,,,,,,,,,,,,,,,,,,,,,,
26/10/18,17:49:48,,,,,,,,,,,,,,,,,,,,,,,,,,,34,36.262951295,,,,,,,,,,,,,,,,,,,,,,,,,,,,,,,,,,,,
26/10/18,17:49:56,,,,,,,,,,,,,,,,,,,,,,,,,,,34,36.262951295,,,,,,,,,,,,,,,,,,,,,,,,,,,,,,,,,,,,
26/10/18,17:49:57,,,,,,,,,,,,,,,,,,,,,,,,,,,,,,,,,,,,,,,,,,,,,,,,,,,,,,,,,,,,,,,,
26/10/18,17:50:05,,,,,,,,,,,,,,,,,,,,,,,,,,,34,36.262951295,,,,,,,,,,,,,,,,,,,,,,,,,,,,,,,,,,,,
26/10/18,17:50:18,,,,,,,,,,,,,,,,,,,,,,,,,,,34,36.262951295,,,,,,,,,,,,,,,,,,,,,,,,,,,,,,,,,,,,
26/10/18,17:50:26,,,,,,,,,,,,,,,,,,,,,,,,,,,34,36.262951295,,,,,,,,,,,,,,,,,,,,,,,,,,,,,,,,,,,,
26/10/18,17:50:27,,,,,,,,,,,,,,,,,,,,,,,,,,,,,,,,,,,,,,,,,,,,,,,,,,,,,,,,,,,,,,,,
26/10/18,17:50:35,,,,,,,,,,,,,,,,,,,,,,,,,,,34,36.262951295,,,,,,,,,,,,,,,,,,,,,,,,,,,,,,,,,,,,
26/10/18,17:50:48,,,,,,,,,,,,,,,,,,,,,,,,,,,34,36.262951295,,,,,,,,,,,,,,,,,,,,,,,,,,,,,,,,,,,,
26/10/18,17:50:56,,,,,,,,,,,,,,,,,,,,,,,,,,,34,36.262951295,,,,,,,,,,,,,,,,,,,,,,,,,,,,,,,,,,,,
26/10/18,17:50:57,,,,,,,,,,,,,,,,,,,,,,,,,,,,,,,,,,,,,,,,,,,,,,,,,,,,,,,,,,,,,,,,
26/10/18,17:51:05,,,,,,,,,,,,,,,,,,,,,,,,,,,34,36.262951295,,,,,,,,,,,,,,,,,,,,,,,,,,,,,,,,,,,,
26/10/18,17:51:18,,,,,,,,,,,,,,,,,,,,,,,,,,,34,36.262951295,,,,,,,,,,,,,,,,,,,,,,,,,,,,,,,,,,,,
26/10/18,17:51:26,,,,,,,,,,,,,,,,,,,,,,,,,,,34,36.262951295,,,,,,,,,,,,,,,,,,,,,,,,,,,,,,,,,,,,
26/10/18,17:51:27,,,,,,,,,,,,,,,,,,,,,,,,,,,,,,,,,,,,,,,,,,,,,,,,,,,,,,,,,,,,,,,,
26/10/18,17:51:35,,,,,,,,,,,,,,,,,,,,,,,,,,,34,36.262951295,,,,,,,,,,,,,,,,,,,,,,,,,,,,,,,,,,,,
26/10/18,17:51:48,,,,,,,,,,,,,,,,,,,,,,,,,,,34,36.262951295,,,,,,,,,,,,,,,,,,,,,,,,,,,,,,,,,,,,
26/10/18,17:51:56,,,,,,,,,,,,,,,,,,,,,,,,,,,34,36.262951295,,,,,,,,,,,,,,,,,,,,,,,,,,,,,,,,,,,,
26/10/18,17:51:57,,,,,,,,,,,,,,,,,,,,,,,,,,,,,,,,,,,,,,,,,,,,,,,,,,,,,,,,,,,,,,,,
26/10/18,17:52:05,,,,,,,,,,,,,,,,,,,,,,,,,,,34,36.262951295,,,,,,,,,,,,,,,,,,,,,,,,,,,,,,,,,,,,
26/10/18,17:52:18,,,,,,,,,,,,,,,,,,,,,,,,,,,34,36.262951295,,,,,,,,,,,,,,,,,,,,,,,,,,,,,,,,,,,,
26/10/18,17:52:26,,,,,,,,,,,,,,,,,,,,,,,,,,,34,36.262951295,,,,,,,,,,,,,,,,,,,,,,,,,,,,,,,,,,,,
26/10/18,17:52:27,,,,,,,,,,,,,,,,,,,,,,,,,,,,,,,,,,,,,,,,,,,,,,,,,,,,,,,,,,,,,,,,
26/10/18,17:52:35,,,,,,,,,,,,,,,,,,,,,,,,,,,34,36.262951295,,,,,,,,,,,,,,,,,,,,,,,,,,,,,,,,,,,,
26/10/18,17:52:48,,,,,,,,,,,,,,,,,,,,,,,,,,,34,36.262951295,,,,,,,,,,,,,,,,,,,,,,,,,,,,,,,,,,,,
26/10/18,17:52:56,,,,,,,,,,,,,,,,,,,,,,,,,,,34,36.262951295,,,,,,,,,,,,,,,,,,,,,,,,,,,,,,,,,,,,
26/10/18,17:52:57,,,,,,,,,,,,,,,,,,,,,,,,,,,,,,,,,,,,,,,,,,,,,,,,,,,,,,,,,,,,,,,,
26/10/18,17:53:05,,,,,,,,,,,,,,,,,,,,,,,,,,,34,36.262951295,,,,,,,,,,,,,,,,,,,,,,,,,,,,,,,,,,,,
26/10/18,17:53:18,,,,,,,,,,,,,,,,,,,,,,,,,,,34,36.262951295,,,,,,,,,,,,,,,,,,,,,,,,,,,,,,,,,,,,
26/10/18,17:53:26,,,,,,,,,,,,,,,,,,,,,,,,,,,34,36.262951295,,,,,,,,,,,,,,,,,,,,,,,,,,,,,,,,,,,,
26/10/18,17:53:27,,,,,,,,,,,,,,,,,,,,,,,,,,,,,,,,,,,,,,,,,,,,,,,,,,,,,,,,,,,,,,,,
26/10/18,17:53:35,,,,,,,,,,,,,,,,,,,,,,,,,,,34,36.262951295,,,,,,,,,,,,,,,,,,,,,,,,,,,,,,,,,,,,
26/10/18,17:53:48,,,,,,,,,,,,,,,,,,,,,,,,,,,34,36.262951295,,,,,,,,,,,,,,,,,,,,,,,,,,,,,,,,,,,,
26/10/18,17:53:56,,,,,,,,,,,,,,,,,,,,,,,,,,,34,36.262951295,,,,,,,,,,,,,,,,,,,,,,,,,,,,,,,,,,,,
26/10/18,17:53:57,,,,,,,,,,,,,,,,,,,,,,,,,,,,,,,,,,,,,,,,,,,,,,,,,,,,,,,,,,,,,,,,
26/10/18,17:54:05,,,,,,,,,,,,,,,,,,,,,,,,,,,34,36.262951295,,,,,,,,,,,,,,,,,,,,,,,,,,,,,,,,,,,,
26/10/18,17:54:18,,,,,,,,,,,,,,,,,,,,,,,,,,,34,36.262951295,,,,,,,,,,,,,,,,,,,,,,,,,,,,,,,,,,,,
26/10/18,17:54:26,,,,,,,,,,,,,,,,,,,,,,,,,,,34,36.262951295,,,,,,,,,,,,,,,,,,,,,,,,,,,,,,,,,,,,
26/10/18,17:54:27,,,,,,,,,,,,,,,,,,,,,,,,,,,,,,,,,,,,,,,,,,,,,,,,,,,,,,,,,,,,,,,,
26/10/18,17:54:35,,,,,,,,,,,,,,,,,,,,,,,,,,,34,36.262951295,,,,,,,,,,,,,,,,,,,,,,,,,,,,,,,,,,,,
26/10/18,17:54:48,,,,,,,,,,,,,,,,,,,,,,,,,,,34,36.262951295,,,,,,,,,,,,,,,,,,,,,,,,,,,,,,,,,,,,
26/10/18,17:54:56,,,,,,,,,,,,,,,,,,,,,,,,,,,34,36.262951295,,,,,,,,,,,,,,,,,,,,,,,,,,,,,,,,,,,,
26/10/18,17:54:57,,,,,,,,,,,,,,,,,,,,,,,,,,,,,,,,,,,,,,,,,,,,,,,,,,,,,,,,,,,,,,,,
26/10/18,17:55:05,,,,,,,,,,,,,,,,,,,,,,,,,,,34,36.262951295,,,,,,,,,,,,,,,,,,,,,,,,,,,,,,,,,,,,
26/10/18,17:55:18,,,,,,,,,,,,,,,,,,,,,,,,,,,34,36.262951295,,,,,,,,,,,,,,,,,,,,,,,,,,,,,,,,,,,,
26/10/18,17:55:26,,,,,,,,,,,,,,,,,,,,,,,,,,,34,36.262951295,,,,,,,,,,,,,,,,,,,,,,,,,,,,,,,,,,,,
26/10/18,17:55:27,,,,,,,,,,,,,,,,,,,,,,,,,,,,,,,,,,,,,,,,,,,,,,,,,,,,,,,,,,,,,,,,
26/10/18,17:55:35,,,,,,,,,,,,,,,,,,,,,,,,,,,34,36.262951295,,,,,,,,,,,,,,,,,,,,,,,,,,,,,,,,,,,,
26/10/18,17:55:48,,,,,,,,,,,,,,,,,,,,,,,,,,,34,36.262951295,,,,,,,,,,,,,,,,,,,,,,,,,,,,,,,,,,,,
26/10/18,17:55:56,,,,,,,,,,,,,,,,,,,,,,,,,,,34,36.262951295,,,,,,,,,,,,,,,,,,,,,,,,,,,,,,,,,,,,
26/10/18,17:55:57,,,,,,,,,,,,,,,,,,,,,,,,,,,,,,,,,,,,,,,,,,,,,,,,,,,,,,,,,,,,,,,,
26/10/18,17:56:05,,,,,,,,,,,,,,,,,,,,,,,,,,,34,36.262951295,,,,,,,,,,,,,,,,,,,,,,,,,,,,,,,,,,,,
26/10/18,17:56:18,,,,,,,,,,,,,,,,,,,,,,,,,,,34,36.262951295,,,,,,,,,,,,,,,,,,,,,,,,,,,,,,,,,,,,
26/10/18,17:56:26,,,,,,,,,,,,,,,,,,,,,,,,,,,34,36.262951295,,,,,,,,,,,,,,,,,,,,,,,,,,,,,,,,,,,,
26/10/18,17:56:27,,,,,,,,,,,,,,,,,,,,,,,,,,,,,,,,,,,,,,,,,,,,,,,,,,,,,,,,,,,,,,,,
26/10/18,17:56:35,,,,,,,,,,,,,,,,,,,,,,,,,,,34,36.262951295,,,,,,,,,,,,,,,,,,,,,,,,,,,,,,,,,,,,
26/10/18,17:56:48,,,,,,,,,,,,,,,,,,,,,,,,,,,34,36.262951295,,,,,,,,,,,,,,,,,,,,,,,,,,,,,,,,,,,,
26/10/18,17:56:56,,,,,,,,,,,,,,,,,,,,,,,,,,,34,36.262951295,,,,,,,,,,,,,,,,,,,,,,,,,,,,,,,,,,,,
26/10/18,17:56:57,,,,,,,,,,,,,,,,,,,,,,,,,,,,,,,,,,,,,,,,,,,,,,,,,,,,,,,,,,,,,,,,
26/10/18,17:57:05,,,,,,,,,,,,,,,,,,,,,,,,,,,34,36.262951295,,,,,,,,,,,,,,,,,,,,,,,,,,,,,,,,,,,,
26/10/18,17:57:18,,,,,,,,,,,,,,,,,,,,,,,,,,,34,36.262951295,,,,,,,,,,,,,,,,,,,,,,,,,,,,,,,,,,,,
26/10/18,17:57:26,,,,,,,,,,,,,,,,,,,,,,,,,,,34,36.262951295,,,,,,,,,,,,,,,,,,,,,,,,,,,,,,,,,,,,
26/10/18,17:57:27,,,,,,,,,,,,,,,,,,,,,,,,,,,,,,,,,,,,,,,,,,,,,,,,,,,,,,,,,,,,,,,,
26/10/18,17:57:35,,,,,,,,,,,,,,,,,,,,,,,,,,,34,36.262951295,,,,,,,,,,,,,,,,,,,,,,,,,,,,,,,,,,,,
26/10/18,17:57:48,,,,,,,,,,,,,,,,,,,,,,,,,,,34,36.262951295,,,,,,,,,,,,,,,,,,,,,,,,,,,,,,,,,,,,
26/10/18,17:57:56,,,,,,,,,,,,,,,,,,,,,,,,,,,34,36.262951295,,,,,,,,,,,,,,,,,,,,,,,,,,,,,,,,,,,,
26/10/18,17:57:57,,,,,,,,,,,,,,,,,,,,,,,,,,,,,,,,,,,,,,,,,,,,,,,,,,,,,,,,,,,,,,,,
26/10/18,17:58:05,,,,,,,,,,,,,,,,,,,,,,,,,,,34,36.262951295,,,,,,,,,,,,,,,,,,,,,,,,,,,,,,,,,,,,
26/10/18,17:58:18,,,,,,,,,,,,,,,,,,,,,,,,,,,34,36.262951295,,,,,,,,,,,,,,,,,,,,,,,,,,,,,,,,,,,,
26/10/18,17:58:26,,,,,,,,,,,,,,,,,,,,,,,,,,,34,36.262951295,,,,,,,,,,,,,,,,,,,,,,,,,,,,,,,,,,,,
26/10/18,17:58:27,,,,,,,,,,,,,,,,,,,,,,,,,,,,,,,,,,,,,,,,,,,,,,,,,,,,,,,,,,,,,,,,
26/10/18,17:58:35,,,,,,,,,,,,,,,,,,,,,,,,,,,34,36.262951295,,,,,,,,,,,,,,,,,,,,,,,,,,,,,,,,,,,,
26/10/18,17:58:48,,,,,,,,,,,,,,,,,,,,,,,,,,,34,36.262951295,,,,,,,,,,,,,,,,,,,,,,,,,,,,,,,,,,,,
26/10/18,17:58:56,,,,,,,,,,,,,,,,,,,,,,,,,,,34,36.262951295,,,,,,,,,,,,,,,,,,,,,,,,,,,,,,,,,,,,
26/10/18,17:58:57,,,,,,,,,,,,,,,,,,,,,,,,,,,,,,,,,,,,,,,,,,,,,,,,,,,,,,,,,,,,,,,,
26/10/18,17:59:05,,,,,,,,,,,,,,,,,,,,,,,,,,,34,36.262951295,,,,,,,,,,,,,,,,,,,,,,,,,,,,,,,,,,,,
26/10/18,17:59:18,,,,,,,,,,,,,,,,,,,,,,,,,,,34,36.262951295,,,,,,,,,,,,,,,,,,,,,,,,,,,,,,,,,,,,
26/10/18,17:59:26,,,,,,,,,,,,,,,,,,,,,,,,,,,34,36.262951295,,,,,,,,,,,,,,,,,,,,,,,,,,,,,,,,,,,,
26/10/18,17:59:27,,,,,,,,,,,,,,,,,,,,,,,,,,,,,,,,,,,,,,,,,,,,,,,,,,,,,,,,,,,,,,,,
26/10/18,17:59:35,,,,,,,,,,,,,,,,,,,,,,,,,,,34,36.262951295,,,,,,,,,,,,,,,,,,,,,,,,,,,,,,,,,,,,
26/10/18,17:59:48,,,,,,,,,,,,,,,,,,,,,,,,,,,34,36.262951295,,,,,,,,,,,,,,,,,,,,,,,,,,,,,,,,,,,,
26/10/18,17:59:56,,,,,,,,,,,,,,,,,,,,,,,,,,,34,36.262951295,,,,,,,,,,,,,,,,,,,,,,,,,,,,,,,,,,,,
26/10/18,17:59:57,,,,,,,,,,,,,,,,,,,,,,,,,,,,,,,,,,,,,,,,,,,,,,,,,,,,,,,,,,,,,,,,
26/10/18,18:00:05,,,,,,,,,,,,,,,,,,,,,,,,,,,34,36.262951295,,,,,,,,,,,,,,,,,,,,,,,,,,,,,,,,,,,,
26/10/18,18:00:18,,,,,,,,,,,,,,,,,,,,,,,,,,,34,36.262951295,,,,,,,,,,,,,,,,,,,,,,,,,,,,,,,,,,,,
26/10/18,18:00:26,,,,,,,,,,,,,,,,,,,,,,,,,,,34,36.262951295,,,,,,,,,,,,,,,,,,,,,,,,,,,,,,,,,,,,
26/10/18,18:00:27,,,,,,,,,,,,,,,,,,,,,,,,,,,,,,,,,,,,,,,,,,,,,,,,,,,,,,,,,,,,,,,,
26/10/18,18:00:35,,,,,,,,,,,,,,,,,,,,,,,,,,,34,36.262951295,,,,,,,,,,,,,,,,,,,,,,,,,,,,,,,,,,,,
26/10/18,18:00:48,,,,,,,,,,,,,,,,,,,,,,,,,,,34,36.262951295,,,,,,,,,,,,,,,,,,,,,,,,,,,,,,,,,,,,
26/10/18,18:00:56,,,,,,,,,,,,,,,,,,,,,,,,,,,34,36.262951295,,,,,,,,,,,,,,,,,,,,,,,,,,,,,,,,,,,,
26/10/18,18:00:57,,,,,,,,,,,,,,,,,,,,,,,,,,,34,36.262951295,,,,,,,,,,,,,,,,,,,,,,,,,,,,,,,,,,,,
26/10/18,18:01:05,,,,,,,,,,,,,,,,,,,,,,,,,,,34,36.262951295,,,,,,,,,,,,,,,,,,,,,,,,,,,,,,,,,,,,
26/10/18,18:01:18,,,,,,,,,,,,,,,,,,,,,,,,,,,34,36.262951295,,,,,,,,,,,,,,,,,,,,,,,,,,,,,,,,,,,,
26/10/18,18:01:26,,,,,,,,,,,,,,,,,,,,,,,,,,,34,36.262951295,,,,,,,,,,,,,,,,,,,,,,,,,,,,,,,,,,,,
26/10/18,18:01:27,,,,,,,,,,,,,,,,,,,,,,,,,,,,,,,,,,,,,,,,,,,,,,,,,,,,,,,,,,,,,,,,
26/10/18,18:01:35,,,,,,,,,,,,,,,,,,,,,,,,,,,34,36.262951295,,,,,,,,,,,,,,,,,,,,,,,,,,,,,,,,,,,,
26/10/18,18:01:48,,,,,,,,,,,,,,,,,,,,,,,,,,,34,36.262951295,,,,,,,,,,,,,,,,,,,,,,,,,,,,,,,,,,,,
26/10/18,18:01:56,,,,,,,,,,,,,,,,,,,,,,,,,,,34,36.262951295,,,,,,,,,,,,,,,,,,,,,,,,,,,,,,,,,,,,
26/10/18,18:01:57,,,,,,,,,,,,,,,,,,,,,,,,,,,34,36.262951295,,,,,,,,,,,,,,,,,,,,,,,,,,,,,,,,,,,,
26/10/18,18:02:05,,,,,,,,,,,,,,,,,,,,,,,,,,,34,36.262951295,,,,,,,,,,,,,,,,,,,,,,,,,,,,,,,,,,,,
26/10/18,18:02:18,,,,,,,,,,,,,,,,,,,,,,,,,,,34,36.262951295,,,,,,,,,,,,,,,,,,,,,,,,,,,,,,,,,,,,
26/10/18,18:02:26,,,,,,,,,,,,,,,,,,,,,,,,,,,34,36.262951295,,,,,,,,,,,,,,,,,,,,,,,,,,,,,,,,,,,,
26/10/18,18:02:27,,,,,,,,,,,,,,,,,,,,,,,,,,,,,,,,,,,,,,,,,,,,,,,,,,,,,,,,,,,,,,,,
26/10/18,18:02:35,,,,,,,,,,,,,,,,,,,,,,,,,,,34,36.262951295,,,,,,,,,,,,,,,,,,,,,,,,,,,,,,,,,,,,
26/10/18,18:02:48,,,,,,,,,,,,,,,,,,,,,,,,,,,34,36.262951295,,,,,,,,,,,,,,,,,,,,,,,,,,,,,,,,,,,,
26/10/18,18:02:56,,,,,,,,,,,,,,,,,,,,,,,,,,,34,36.262951295,,,,,,,,,,,,,,,,,,,,,,,,,,,,,,,,,,,,
26/10/18,18:02:57,,,,,,,,,,,,,,,,,,,,,,,,,,,34,36.262951295,,,,,,,,,,,,,,,,,,,,,,,,,,,,,,,,,,,,
26/10/18,18:03:05,,,,,,,,,,,,,,,,,,,,,,,,,,,34,36.262951295,,,,,,,,,,,,,,,,,,,,,,,,,,,,,,,,,,,,
26/10/18,18:03:18,,,,,,,,,,,,,,,,,,,,,,,,,,,34,36.262951295,,,,,,,,,,,,,,,,,,,,,,,,,,,,,,,,,,,,
26/10/18,18:03:26,,,,,,,,,,,,,,,,,,,,,,,,,,,34,36.262951295,,,,,,,,,,,,,,,,,,,,,,,,,,,,,,,,,,,,
26/10/18,18:03:27,,,,,,,,,,,,,,,,,,,,,,,,,,,,,,,,,,,,,,,,,,,,,,,,,,,,,,,,,,,,,,,,
26/10/18,18:03:35,,,,,,,,,,,,,,,,,,,,,,,,,,,34,36.262951295,,,,,,,,,,,,,,,,,,,,,,,,,,,,,,,,,,,,
26/10/18,18:03:48,,,,,,,,,,,,,,,,,,,,,,,,,,,34,36.262951295,,,,,,,,,,,,,,,,,,,,,,,,,,,,,,,,,,,,
26/10/18,18:03:56,,,,,,,,,,,,,,,,,,,,,,,,,,,34,36.262951295,,,,,,,,,,,,,,,,,,,,,,,,,,,,,,,,,,,,
26/10/18,18:03:57,,,,,,,,,,,,,,,,,,,,,,,,,,,,,,,,,,,,,,,,,,,,,,,,,,,,,,,,,,,,,,,,
26/10/18,18:04:05,,,,,,,,,,,,,,,,,,,,,,,,,,,34,36.262951295,,,,,,,,,,,,,,,,,,,,,,,,,,,,,,,,,,,,
26/10/18,18:04:18,,,,,,,,,,,,,,,,,,,,,,,,,,,34,36.262951295,,,,,,,,,,,,,,,,,,,,,,,,,,,,,,,,,,,,
26/10/18,18:04:26,,,,,,,,,,,,,,,,,,,,,,,,,,,34,36.262951295,,,,,,,,,,,,,,,,,,,,,,,,,,,,,,,,,,,,
26/10/18,18:04:27,,,,,,,,,,,,,,,,,,,,,,,,,,,,,,,,,,,,,,,,,,,,,,,,,,,,,,,,,,,,,,,,
26/10/18,18:04:35,,,,,,,,,,,,,,,,,,,,,,,,,,,34,36.262951295,,,,,,,,,,,,,,,,,,,,,,,,,,,,,,,,,,,,
26/10/18,18:04:48,,,,,,,,,,,,,,,,,,,,,,,,,,,34,36.262951295,,,,,,,,,,,,,,,,,,,,,,,,,,,,,,,,,,,,
26/10/18,18:04:56,,,,,,,,,,,,,,,,,,,,,,,,,,,34,36.262951295,,,,,,,,,,,,,,,,,,,,,,,,,,,,,,,,,,,,
26/10/18,18:04:57,,,,,,,,,,,,,,,,,,,,,,,,,,,34,36.262951295,,,,,,,,,,,,,,,,,,,,,,,,,,,,,,,,,,,,
26/10/18,18:05:05,,,,,,,,,,,,,,,,,,,,,,,,,,,34,36.262951295,,,,,,,,,,,,,,,,,,,,,,,,,,,,,,,,,,,,
26/10/18,18:05:18,,,,,,,,,,,,,,,,,,,,,,,,,,,34,36.262951295,,,,,,,,,,,,,,,,,,,,,,,,,,,,,,,,,,,,
26/10/18,18:05:26,,,,,,,,,,,,,,,,,,,,,,,,,,,34,36.262951295,,,,,,,,,,,,,,,,,,,,,,,,,,,,,,,,,,,,
26/10/18,18:05:27,,,,,,,,,,,,,,,,,,,,,,,,,,,,,,,,,,,,,,,,,,,,,,,,,,,,,,,,,,,,,,,,
26/10/18,18:05:35,,,,,,,,,,,,,,,,,,,,,,,,,,,34,36.262951295,,,,,,,,,,,,,,,,,,,,,,,,,,,,,,,,,,,,
26/10/18,18:05:48,,,,,,,,,,,,,,,,,,,,,,,,,,,34,36.262951295,,,,,,,,,,,,,,,,,,,,,,,,,,,,,,,,,,,,
26/10/18,18:05:56,,,,,,,,,,,,,,,,,,,,,,,,,,,34,36.262951295,,,,,,,,,,,,,,,,,,,,,,,,,,,,,,,,,,,,
26/10/18,18:05:57,,,,,,,,,,,,,,,,,,,,,,,,,,,34,36.262951295,,,,,,,,,,,,,,,,,,,,,,,,,,,,,,,,,,,,
26/10/18,18:06:05,,,,,,,,,,,,,,,,,,,,,,,,,,,34,36.262951295,,,,,,,,,,,,,,,,,,,,,,,,,,,,,,,,,,,,
26/10/18,18:06:18,,,,,,,,,,,,,,,,,,,,,,,,,,,34,36.262951295,,,,,,,,,,,,,,,,,,,,,,,,,,,,,,,,,,,,
26/10/18,18:06:26,,,,,,,,,,,,,,,,,,,,,,,,,,,34,36.262951295,,,,,,,,,,,,,,,,,,,,,,,,,,,,,,,,,,,,
26/10/18,18:06:27,,,,,,,,,,,,,,,,,,,,,,,,,,,,,,,,,,,,,,,,,,,,,,,,,,,,,,,,,,,,,,,,
26/10/18,18:06:35,,,,,,,,,,,,,,,,,,,,,,,,,,,34,36.262951295,,,,,,,,,,,,,,,,,,,,,,,,,,,,,,,,,,,,
26/10/18,18:06:48,,,,,,,,,,,,,,,,,,,,,,,,,,,34,36.262951295,,,,,,,,,,,,,,,,,,,,,,,,,,,,,,,,,,,,
26/10/18,18:06:56,,,,,,,,,,,,,,,,,,,,,,,,,,,34,36.262951295,,,,,,,,,,,,,,,,,,,,,,,,,,,,,,,,,,,,
26/10/18,18:06:57,,,,,,,,,,,,,,,,,,,,,,,,,,,34,36.262951295,,,,,,,,,,,,,,,,,,,,,,,,,,,,,,,,,,,,
26/10/18,18:07:05,,,,,,,,,,,,,,,,,,,,,,,,,,,,,,,,,,,,,,,,,,,,,,,,,,,,,,,,,,,,,,,,
26/10/18,18:07:18,,,,,,,,,,,,,,,,,,,,,,,,,,,34,36.262951295,,,,,,,,,,,,,,,,,,,,,,,,,,,,,,,,,,,,
26/10/18,18:07:26,,,,,,,,,,,,,,,,,,,,,,,,,,,34,36.262951295,,,,,,,,,,,,,,,,,,,,,,,,,,,,,,,,,,,,
26/10/18,18:07:27,,,,,,,,,,,,,,,,,,,,,,,,,,,,,,,,,,,,,,,,,,,,,,,,,,,,,,,,,,,,,,,,
26/10/18,18:07:35,,,,,,,,,,,,,,,,,,,,,,,,,,,34,36.262951295,,,,,,,,,,,,,,,,,,,,,,,,,,,,,,,,,,,,
26/10/18,18:07:48,,,,,,,,,,,,,,,,,,,,,,,,,,,34,36.262951295,,,,,,,,,,,,,,,,,,,,,,,,,,,,,,,,,,,,
26/10/18,18:07:56,,,,,,,,,,,,,,,,,,,,,,,,,,,34,36.262951295,,,,,,,,,,,,,,,,,,,,,,,,,,,,,,,,,,,,
26/10/18,18:07:57,,,,,,,,,,,,,,,,,,,,,,,,,,,34,36.262951295,,,,,,,,,,,,,,,,,,,,,,,,,,,,,,,,,,,,
26/10/18,18:08:05,,,,,,,,,,,,,,,,,,,,,,,,,,,34,36.262951295,,,,,,,,,,,,,,,,,,,,,,,,,,,,,,,,,,,,
26/10/18,18:08:18,,,,,,,,,,,,,,,,,,,,,,,,,,,34,36.262951295,,,,,,,,,,,,,,,,,,,,,,,,,,,,,,,,,,,,
26/10/18,18:08:26,,,,,,,,,,,,,,,,,,,,,,,,,,,34,36.262951295,,,,,,,,,,,,,,,,,,,,,,,,,,,,,,,,,,,,
26/10/18,18:08:27,,,,,,,,,,,,,,,,,,,,,,,,,,,,,,,,,,,,,,,,,,,,,,,,,,,,,,,,,,,,,,,,
26/10/18,18:08:35,,,,,,,,,,,,,,,,,,,,,,,,,,,34,36.262951295,,,,,,,,,,,,,,,,,,,,,,,,,,,,,,,,,,,,
26/10/18,18:08:48,,,,,,,,,,,,,,,,,,,,,,,,,,,34,36.262951295,,,,,,,,,,,,,,,,,,,,,,,,,,,,,,,,,,,,
26/10/18,18:08:56,,,,,,,,,,,,,,,,,,,,,,,,,,,34,36.262951295,,,,,,,,,,,,,,,,,,,,,,,,,,,,,,,,,,,,
26/10/18,18:08:57,,,,,,,,,,,,,,,,,,,,,,,,,,,34,36.262951295,,,,,,,,,,,,,,,,,,,,,,,,,,,,,,,,,,,,
26/10/18,18:09:05,,,,,,,,,,,,,,,,,,,,,,,,,,,34,36.262951295,,,,,,,,,,,,,,,,,,,,,,,,,,,,,,,,,,,,
26/10/18,18:09:18,,,,,,,,,,,,,,,,,,,,,,,,,,,34,36.262951295,,,,,,,,,,,,,,,,,,,,,,,,,,,,,,,,,,,,
26/10/18,18:09:26,,,,,,,,,,,,,,,,,,,,,,,,,,,,,,,,,,,,,,,,,,,,,,,,,,,,,,,,,,,,,,,,
26/10/18,18:09:27,,,,,,,,,,,,,,,,,,,,,,,,,,,,,,,,,,,,,,,,,,,,,,,,,,,,,,,,,,,,,,,,
26/10/18,18:09:35,,,,,,,,,,,,,,,,,,,,,,,,,,,34,36.262951295,,,,,,,,,,,,,,,,,,,,,,,,,,,,,,,,,,,,
26/10/18,18:09:48,,,,,,,,,,,,,,,,,,,,,,,,,,,34,36.262951295,,,,,,,,,,,,,,,,,,,,,,,,,,,,,,,,,,,,
26/10/18,18:09:56,,,,,,,,,,,,,,,,,,,,,,,,,,,34,36.262951295,,,,,,,,,,,,,,,,,,,,,,,,,,,,,,,,,,,,
26/10/18,18:09:57,,,,,,,,,,,,,,,,,,,,,,,,,,,34,36.262951295,,,,,,,,,,,,,,,,,,,,,,,,,,,,,,,,,,,,
26/10/18,18:10:05,,,,,,,,,,,,,,,,,,,,,,,,,,,,,,,,,,,,,,,,,,,,,,,,,,,,,,,,,,,,,,,,
26/10/18,18:10:18,,,,,,,,,,,,,,,,,,,,,,,,,,,34,36.262951295,,,,,,,,,,,,,,,,,,,,,,,,,,,,,,,,,,,,
26/10/18,18:10:26,,,,,,,,,,,,,,,,,,,,,,,,,,,34,36.262951295,,,,,,,,,,,,,,,,,,,,,,,,,,,,,,,,,,,,
26/10/18,18:10:27,,,,,,,,,,,,,,,,,,,,,,,,,,,,,,,,,,,,,,,,,,,,,,,,,,,,,,,,,,,,,,,,
26/10/18,18:10:35,,,,,,,,,,,,,,,,,,,,,,,,,,,34,36.262951295,,,,,,,,,,,,,,,,,,,,,,,,,,,,,,,,,,,,
26/10/18,18:10:48,,,,,,,,,,,,,,,,,,,,,,,,,,,34,36.262951295,,,,,,,,,,,,,,,,,,,,,,,,,,,,,,,,,,,,
26/10/18,18:10:56,,,,,,,,,,,,,,,,,,,,,,,,,,,,,,,,,,,,,,,,,,,,,,,,,,,,,,,,,,,,,,,,
26/10/18,18:10:57,,,,,,,,,,,,,,,,,,,,,,,,,,,,,,,,,,,,,,,,,,,,,,,,,,,,,,,,,,,,,,,,
26/10/18,18:11:05,,,,,,,,,,,,,,,,,,,,,,,,,,,34,36.262951295,,,,,,,,,,,,,,,,,,,,,,,,,,,,,,,,,,,,
26/10/18,18:11:18,,,,,,,,,,,,,,,,,,,,,,,,,,,34,36.262951295,,,,,,,,,,,,,,,,,,,,,,,,,,,,,,,,,,,,
26/10/18,18:11:26,,,,,,,,,,,,,,,,,,,,,,,,,,,34,36.262951295,,,,,,,,,,,,,,,,,,,,,,,,,,,,,,,,,,,,
26/10/18,18:11:27,,,,,,,,,,,,,,,,,,,,,,,,,,,,,,,,,,,,,,,,,,,,,,,,,,,,,,,,,,,,,,,,
26/10/18,18:11:35,,,,,,,,,,,,,,,,,,,,,,,,,,,34,36.262951295,,,,,,,,,,,,,,,,,,,,,,,,,,,,,,,,,,,,
26/10/18,18:11:48,,,,,,,,,,,,,,,,,,,,,,,,,,,34,36.262951295,,,,,,,,,,,,,,,,,,,,,,,,,,,,,,,,,,,,
26/10/18,18:11:56,,,,,,,,,,,,,,,,,,,,,,,,,,,34,36.262951295,,,,,,,,,,,,,,,,,,,,,,,,,,,,,,,,,,,,
26/10/18,18:11:57,,,,,,,,,,,,,,,,,,,,,,,,,,,34,36.262951295,,,,,,,,,,,,,,,,,,,,,,,,,,,,,,,,,,,,
26/10/18,18:12:05,,,,,,,,,,,,,,,,,,,,,,,,,,,,,,,,,,,,,,,,,,,,,,,,,,,,,,,,,,,,,,,,
26/10/18,18:12:18,,,,,,,,,,,,,,,,,,,,,,,,,,,34,36.262951295,,,,,,,,,,,,,,,,,,,,,,,,,,,,,,,,,,,,
26/10/18,18:12:26,,,,,,,,,,,,,,,,,,,,,,,,,,,34,36.262951295,,,,,,,,,,,,,,,,,,,,,,,,,,,,,,,,,,,,
26/10/18,18:12:27,,,,,,,,,,,,,,,,,,,,,,,,,,,,,,,,,,,,,,,,,,,,,,,,,,,,,,,,,,,,,,,,
26/10/18,18:12:35,,,,,,,,,,,,,,,,,,,,,,,,,,,34,36.262951295,,,,,,,,,,,,,,,,,,,,,,,,,,,,,,,,,,,,
26/10/18,18:12:48,,,,,,,,,,,,,,,,,,,,,,,,,,,34,36.262951295,,,,,,,,,,,,,,,,,,,,,,,,,,,,,,,,,,,,
26/10/18,18:12:56,,,,,,,,,,,,,,,,,,,,,,,,,,,,,,,,,,,,,,,,,,,,,,,,,,,,,,,,,,,,,,,,
26/10/18,18:12:57,,,,,,,,,,,,,,,,,,,,,,,,,,,,,,,,,,,,,,,,,,,,,,,,,,,,,,,,,,,,,,,,
26/10/18,18:13:05,,,,,,,,,,,,,,,,,,,,,,,,,,,,,,,,,,,,,,,,,,,,,,,,,,,,,,,,,,,,,,,,
26/10/18,18:13:18,,,,,,,,,,,,,,,,,,,,,,,,,,,34,36.262951295,,,,,,,,,,,,,,,,,,,,,,,,,,,,,,,,,,,,
26/10/18,18:13:26,,,,,,,,,,,,,,,,,,,,,,,,,,,34,36.262951295,,,,,,,,,,,,,,,,,,,,,,,,,,,,,,,,,,,,
26/10/18,18:13:27,,,,,,,,,,,,,,,,,,,,,,,,,,,,,,,,,,,,,,,,,,,,,,,,,,,,,,,,,,,,,,,,
26/10/18,18:13:35,,,,,,,,,,,,,,,,,,,,,,,,,,,34,36.262951295,,,,,,,,,,,,,,,,,,,,,,,,,,,,,,,,,,,,
26/10/18,18:13:48,,,,,,,,,,,,,,,,,,,,,,,,,,,34,36.262951295,,,,,,,,,,,,,,,,,,,,,,,,,,,,,,,,,,,,
26/10/18,18:13:56,,,,,,,,,,,,,,,,,,,,,,,,,,,34,36.262951295,,,,,,,,,,,,,,,,,,,,,,,,,,,,,,,,,,,,
26/10/18,18:13:57,,,,,,,,,,,,,,,,,,,,,,,,,,,,,,,,,,,,,,,,,,,,,,,,,,,,,,,,,,,,,,,,
26/10/18,18:14:05,,,,,,,,,,,,,,,,,,,,,,,,,,,34,36.262951295,,,,,,,,,,,,,,,,,,,,,,,,,,,,,,,,,,,,
26/10/18,18:14:18,,,,,,,,,,,,,,,,,,,,,,,,,,,34,36.262951295,,,,,,,,,,,,,,,,,,,,,,,,,,,,,,,,,,,,
26/10/18,18:14:26,,,,,,,,,,,,,,,,,,,,,,,,,,,34,36.262951295,,,,,,,,,,,,,,,,,,,,,,,,,,,,,,,,,,,,
26/10/18,18:14:27,,,,,,,,,,,,,,,,,,,,,,,,,,,,,,,,,,,,,,,,,,,,,,,,,,,,,,,,,,,,,,,,
26/10/18,18:14:35,,,,,,,,,,,,,,,,,,,,,,,,,,,,,,,,,,,,,,,,,,,,,,,,,,,,,,,,,,,,,,,,
26/10/18,18:14:48,,,,,,,,,,,,,,,,,,,,,,,,,,,34,36.262951295,,,,,,,,,,,,,,,,,,,,,,,,,,,,,,,,,,,,
26/10/18,18:14:56,,,,,,,,,,,,,,,,,,,,,,,,,,,34,36.262951295,,,,,,,,,,,,,,,,,,,,,,,,,,,,,,,,,,,,
26/10/18,18:14:57,,,,,,,,,,,,,,,,,,,,,,,,,,,34,36.262951295,,,,,,,,,,,,,,,,,,,,,,,,,,,,,,,,,,,,
26/10/18,18:15:05,,,,,,,,,,,,,,,,,,,,,,,,,,,34,36.262951295,,,,,,,,,,,,,,,,,,,,,,,,,,,,,,,,,,,,
26/10/18,18:15:18,,,,,,,,,,,,,,,,,,,,,,,,,,,34,36.262951295,,,,,,,,,,,,,,,,,,,,,,,,,,,,,,,,,,,,
26/10/18,18:15:26,,,,,,,,,,,,,,,,,,,,,,,,,,,34,36.262951295,,,,,,,,,,,,,,,,,,,,,,,,,,,,,,,,,,,,
26/10/18,18:15:27,,,,,,,,,,,,,,,,,,,,,,,,,,,,,,,,,,,,,,,,,,,,,,,,,,,,,,,,,,,,,,,,
26/10/18,18:15:35,,,,,,,,,,,,,,,,,,,,,,,,,,,34,36.262951295,,,,,,,,,,,,,,,,,,,,,,,,,,,,,,,,,,,,
26/10/18,18:15:48,,,,,,,,,,,,,,,,,,,,,,,,,,,34,36.262951295,,,,,,,,,,,,,,,,,,,,,,,,,,,,,,,,,,,,
26/10/18,18:15:56,,,,,,,,,,,,,,,,,,,,,,,,,,,34,36.262951295,,,,,,,,,,,,,,,,,,,,,,,,,,,,,,,,,,,,
26/10/18,18:15:57,,,,,,,,,,,,,,,,,,,,,,,,,,,,,,,,,,,,,,,,,,,,,,,,,,,,,,,,,,,,,,,,
26/10/18,18:16:05,,,,,,,,,,,,,,,,,,,,,,,,,,,,,,,,,,,,,,,,,,,,,,,,,,,,,,,,,,,,,,,,
26/10/18,18:16:18,,,,,,,,,,,,,,,,,,,,,,,,,,,34,36.262951295,,,,,,,,,,,,,,,,,,,,,,,,,,,,,,,,,,,,
26/10/18,18:16:26,,,,,,,,,,,,,,,,,,,,,,,,,,,34,36.262951295,,,,,,,,,,,,,,,,,,,,,,,,,,,,,,,,,,,,
26/10/18,18:16:27,,,,,,,,,,,,,,,,,,,,,,,,,,,,,,,,,,,,,,,,,,,,,,,,,,,,,,,,,,,,,,,,
26/10/18,18:16:35,,,,,,,,,,,,,,,,,,,,,,,,,,,34,36.262951295,,,,,,,,,,,,,,,,,,,,,,,,,,,,,,,,,,,,
26/10/18,18:16:48,,,,,,,,,,,,,,,,,,,,,,,,,,,,,,,,,,,,,,,,,,,,,,,,,,,,,,,,,,,,,,,,
26/10/18,18:16:56,,,,,,,,,,,,,,,,,,,,,,,,,,,34,36.262951295,,,,,,,,,,,,,,,,,,,,,,,,,,,,,,,,,,,,
26/10/18,18:16:57,,,,,,,,,,,,,,,,,,,,,,,,,,,,,,,,,,,,,,,,,,,,,,,,,,,,,,,,,,,,,,,,
26/10/18,18:17:05,,,,,,,,,,,,,,,,,,,,,,,,,,,,,,,,,,,,,,,,,,,,,,,,,,,,,,,,,,,,,,,,
26/10/18,18:17:18,,,,,,,,,,,,,,,,,,,,,,,,,,,34,36.262951295,,,,,,,,,,,,,,,,,,,,,,,,,,,,,,,,,,,,
26/10/18,18:17:26,,,,,,,,,,,,,,,,,,,,,,,,,,,34,36.262951295,,,,,,,,,,,,,,,,,,,,,,,,,,,,,,,,,,,,
26/10/18,18:17:27,,,,,,,,,,,,,,,,,,,,,,,,,,,,,,,,,,,,,,,,,,,,,,,,,,,,,,,,,,,,,,,,
26/10/18,18:17:35,,,,,,,,,,,,,,,,,,,,,,,,,,,34,36.262951295,,,,,,,,,,,,,,,,,,,,,,,,,,,,,,,,,,,,
26/10/18,18:17:48,,,,,,,,,,,,,,,,,,,,,,,,,,,34,36.262951295,,,,,,,,,,,,,,,,,,,,,,,,,,,,,,,,,,,,
26/10/18,18:17:56,,,,,,,,,,,,,,,,,,,,,,,,,,,,,,,,,,,,,,,,,,,,,,,,,,,,,,,,,,,,,,,,
26/10/18,18:17:57,,,,,,,,,,,,,,,,,,,,,,,,,,,,,,,,,,,,,,,,,,,,,,,,,,,,,,,,,,,,,,,,
26/10/18,18:18:05,,,,,,,,,,,,,,,,,,,,,,,,,,,34,36.262951295,,,,,,,,,,,,,,,,,,,,,,,,,,,,,,,,,,,,
26/10/18,18:18:18,,,,,,,,,,,,,,,,,,,,,,,,,,,34,36.262951295,,,,,,,,,,,,,,,,,,,,,,,,,,,,,,,,,,,,
26/10/18,18:18:26,,,,,,,,,,,,,,,,,,,,,,,,,,,34,36.262951295,,,,,,,,,,,,,,,,,,,,,,,,,,,,,,,,,,,,
26/10/18,18:18:27,,,,,,,,,,,,,,,,,,,,,,,,,,,,,,,,,,,,,,,,,,,,,,,,,,,,,,,,,,,,,,,,
26/10/18,18:18:35,,,,,,,,,,,,,,,,,,,,,,,,,,,34,36.262951295,,,,,,,,,,,,,,,,,,,,,,,,,,,,,,,,,,,,
26/10/18,18:18:48,,,,,,,,,,,,,,,,,,,,,,,,,,,34,36.262951295,,,,,,,,,,,,,,,,,,,,,,,,,,,,,,,,,,,,
26/10/18,18:18:56,,,,,,,,,,,,,,,,,,,,,,,,,,,,,,,,,,,,,,,,,,,,,,,,,,,,,,,,,,,,,,,,
26/10/18,18:18:57,,,,,,,,,,,,,,,,,,,,,,,,,,,,,,,,,,,,,,,,,,,,,,,,,,,,,,,,,,,,,,,,
26/10/18,18:19:05,,,,,,,,,,,,,,,,,,,,,,,,,,,34,36.262951295,,,,,,,,,,,,,,,,,,,,,,,,,,,,,,,,,,,,
26/10/18,18:19:18,,,,,,,,,,,,,,,,,,,,,,,,,,,34,36.262951295,,,,,,,,,,,,,,,,,,,,,,,,,,,,,,,,,,,,
26/10/18,18:19:26,,,,,,,,,,,,,,,,,,,,,,,,,,,34,36.262951295,,,,,,,,,,,,,,,,,,,,,,,,,,,,,,,,,,,,
26/10/18,18:19:27,,,,,,,,,,,,,,,,,,,,,,,,,,,,,,,,,,,,,,,,,,,,,,,,,,,,,,,,,,,,,,,,
26/10/18,18:19:35,,,,,,,,,,,,,,,,,,,,,,,,,,,34,36.262951295,,,,,,,,,,,,,,,,,,,,,,,,,,,,,,,,,,,,
26/10/18,18:19:48,,,,,,,,,,,,,,,,,,,,,,,,,,,34,36.262951295,,,,,,,,,,,,,,,,,,,,,,,,,,,,,,,,,,,,
26/10/18,18:19:56,,,,,,,,,,,,,,,,,,,,,,,,,,,34,36.262951295,,,,,,,,,,,,,,,,,,,,,,,,,,,,,,,,,,,,
26/10/18,18:19:57,,,,,,,,,,,,,,,,,,,,,,,,,,,,,,,,,,,,,,,,,,,,,,,,,,,,,,,,,,,,,,,,
26/10/18,18:20:05,,,,,,,,,,,,,,,,,,,,,,,,,,,34,36.262951295,,,,,,,,,,,,,,,,,,,,,,,,,,,,,,,,,,,,
26/10/18,18:20:18,,,,,,,,,,,,,,,,,,,,,,,,,,,34,36.262951295,,,,,,,,,,,,,,,,,,,,,,,,,,,,,,,,,,,,
26/10/18,18:20:26,,,,,,,,,,,,,,,,,,,,,,,,,,,34,36.262951295,,,,,,,,,,,,,,,,,,,,,,,,,,,,,,,,,,,,
26/10/18,18:20:27,,,,,,,,,,,,,,,,,,,,,,,,,,,,,,,,,,,,,,,,,,,,,,,,,,,,,,,,,,,,,,,,
26/10/18,18:20:35,,,,,,,,,,,,,,,,,,,,,,,,,,,34,36.262951295,,,,,,,,,,,,,,,,,,,,,,,,,,,,,,,,,,,,
26/10/18,18:20:48,,,,,,,,,,,,,,,,,,,,,,,,,,,34,36.262951295,,,,,,,,,,,,,,,,,,,,,,,,,,,,,,,,,,,,
26/10/18,18:20:56,,,,,,,,,,,,,,,,,,,,,,,,,,,34,36.262951295,,,,,,,,,,,,,,,,,,,,,,,,,,,,,,,,,,,,
26/10/18,18:20:57,,,,,,,,,,,,,,,,,,,,,,,,,,,,,,,,,,,,,,,,,,,,,,,,,,,,,,,,,,,,,,,,
26/10/18,18:21:05,,,,,,,,,,,,,,,,,,,,,,,,,,,34,36.262951295,,,,,,,,,,,,,,,,,,,,,,,,,,,,,,,,,,,,
26/10/18,18:21:18,,,,,,,,,,,,,,,,,,,,,,,,,,,34,36.262951295,,,,,,,,,,,,,,,,,,,,,,,,,,,,,,,,,,,,
26/10/18,18:21:26,,,,,,,,,,,,,,,,,,,,,,,,,,,34,36.262951295,,,,,,,,,,,,,,,,,,,,,,,,,,,,,,,,,,,,
26/10/18,18:21:27,,,,,,,,,,,,,,,,,,,,,,,,,,,,,,,,,,,,,,,,,,,,,,,,,,,,,,,,,,,,,,,,
26/10/18,18:21:35,,,,,,,,,,,,,,,,,,,,,,,,,,,34,36.262951295,,,,,,,,,,,,,,,,,,,,,,,,,,,,,,,,,,,,
26/10/18,18:21:48,,,,,,,,,,,,,,,,,,,,,,,,,,,34,36.262951295,,,,,,,,,,,,,,,,,,,,,,,,,,,,,,,,,,,,
26/10/18,18:21:56,,,,,,,,,,,,,,,,,,,,,,,,,,,34,36.262951295,,,,,,,,,,,,,,,,,,,,,,,,,,,,,,,,,,,,
26/10/18,18:21:57,,,,,,,,,,,,,,,,,,,,,,,,,,,,,,,,,,,,,,,,,,,,,,,,,,,,,,,,,,,,,,,,
26/10/18,18:22:05,,,,,,,,,,,,,,,,,,,,,,,,,,,34,36.262951295,,,,,,,,,,,,,,,,,,,,,,,,,,,,,,,,,,,,
26/10/18,18:22:18,,,,,,,,,,,,,,,,,,,,,,,,,,,34,36.262951295,,,,,,,,,,,,,,,,,,,,,,,,,,,,,,,,,,,,
26/10/18,18:22:26,,,,,,,,,,,,,,,,,,,,,,,,,,,33,35.7423668095,,,,,,,,,,,,,,,,,,,,,,,,,,,,,,,,,,,,
26/10/18,18:22:27,,,,,,,,,,,,,,,,,,,,,,,,,,,,,,,,,,,,,,,,,,,,,,,,,,,,,,,,,,,,,,,,
26/10/18,18:22:35,,,,,,,,,,,,,,,,,,,,,,,,,,,34,36.262951295,,,,,,,,,,,,,,,,,,,,,,,,,,,,,,,,,,,,
26/10/18,18:22:48,,,,,,,,,,,,,,,,,,,,,,,,,,,34,36.262951295,,,,,,,,,,,,,,,,,,,,,,,,,,,,,,,,,,,,
26/10/18,18:22:56,,,,,,,,,,,,,,,,,,,,,,,,,,,33,35.7423668095,,,,,,,,,,,,,,,,,,,,,,,,,,,,,,,,,,,,
26/10/18,18:22:57,,,,,,,,,,,,,,,,,,,,,,,,,,,,,,,,,,,,,,,,,,,,,,,,,,,,,,,,,,,,,,,,
26/10/18,18:23:05,,,,,,,,,,,,,,,,,,,,,,,,,,,33,35.7423668095,,,,,,,,,,,,,,,,,,,,,,,,,,,,,,,,,,,,
26/10/18,18:23:18,,,,,,,,,,,,,,,,,,,,,,,,,,,33,35.7423668095,,,,,,,,,,,,,,,,,,,,,,,,,,,,,,,,,,,,
26/10/18,18:23:26,,,,,,,,,,,,,,,,,,,,,,,,,,,33,35.7423668095,,,,,,,,,,,,,,,,,,,,,,,,,,,,,,,,,,,,
26/10/18,18:23:27,,,,,,,,,,,,,,,,,,,,,,,,,,,,,,,,,,,,,,,,,,,,,,,,,,,,,,,,,,,,,,,,
26/10/18,18:23:35,,,,,,,,,,,,,,,,,,,,,,,,,,,33,35.7423668095,,,,,,,,,,,,,,,,,,,,,,,,,,,,,,,,,,,,
26/10/18,18:23:48,,,,,,,,,,,,,,,,,,,,,,,,,,,33,35.221782323999996,,,,,,,,,,,,,,,,,,,,,,,,,,,,,,,,,,,,
26/10/18,18:23:56,,,,,,,,,,,,,,,,,,,,,,,,,,,33,35.221782323999996,,,,,,,,,,,,,,,,,,,,,,,,,,,,,,,,,,,,
26/10/18,18:23:57,,,,,,,,,,,,,,,,,,,,,,,,,,,,,,,,,,,,,,,,,,,,,,,,,,,,,,,,,,,,,,,,
26/10/18,18:24:05,,,,,,,,,,,,,,,,,,,,,,,,,,,34,36.262951295,,,,,,,,,,,,,,,,,,,,,,,,,,,,,,,,,,,,
26/10/18,18:24:18,,,,,,,,,,,,,,,,,,,,,,,,,,,33,35.7423668095,,,,,,,,,,,,,,,,,,,,,,,,,,,,,,,,,,,,
26/10/18,18:24:26,,,,,,,,,,,,,,,,,,,,,,,,,,,33,35.221782323999996,,,,,,,,,,,,,,,,,,,,,,,,,,,,,,,,,,,,
26/10/18,18:24:27,,,,,,,,,,,,,,,,,,,,,,,,,,,,,,,,,,,,,,,,,,,,,,,,,,,,,,,,,,,,,,,,
26/10/18,18:24:35,,,,,,,,,,,,,,,,,,,,,,,,,,,33,35.221782323999996,,,,,,,,,,,,,,,,,,,,,,,,,,,,,,,,,,,,
26/10/18,18:24:48,,,,,,,,,,,,,,,,,,,,,,,,,,,33,35.221782323999996,,,,,,,,,,,,,,,,,,,,,,,,,,,,,,,,,,,,
26/10/18,18:24:56,,,,,,,,,,,,,,,,,,,,,,,,,,,33,35.221782323999996,,,,,,,,,,,,,,,,,,,,,,,,,,,,,,,,,,,,
26/10/18,18:24:57,,,,,,,,,,,,,,,,,,,,,,,,,,,,,,,,,,,,,,,,,,,,,,,,,,,,,,,,,,,,,,,,
26/10/18,18:25:05,,,,,,,,,,,,,,,,,,,,,,,,,,,33,35.221782323999996,,,,,,,,,,,,,,,,,,,,,,,,,,,,,,,,,,,,
26/10/18,18:25:18,,,,,,,,,,,,,,,,,,,,,,,,,,,33,35.221782323999996,,,,,,,,,,,,,,,,,,,,,,,,,,,,,,,,,,,,
26/10/18,18:25:26,,,,,,,,,,,,,,,,,,,,,,,,,,,33,35.221782323999996,,,,,,,,,,,,,,,,,,,,,,,,,,,,,,,,,,,,
26/10/18,18:25:27,,,,,,,,,,,,,,,,,,,,,,,,,,,,,,,,,,,,,,,,,,,,,,,,,,,,,,,,,,,,,,,,
26/10/18,18:25:35,,,,,,,,,,,,,,,,,,,,,,,,,,,33,35.7423668095,,,,,,,,,,,,,,,,,,,,,,,,,,,,,,,,,,,,
26/10/18,18:25:48,,,,,,,,,,,,,,,,,,,,,,,,,,,33,35.221782323999996,,,,,,,,,,,,,,,,,,,,,,,,,,,,,,,,,,,,
26/10/18,18:25:56,,,,,,,,,,,,,,,,,,,,,,,,,,,33,35.221782323999996,,,,,,,,,,,,,,,,,,,,,,,,,,,,,,,,,,,,
26/10/18,18:25:57,,,,,,,,,,,,,,,,,,,,,,,,,,,,,,,,,,,,,,,,,,,,,,,,,,,,,,,,,,,,,,,,
26/10/18,18:26:05,,,,,,,,,,,,,,,,,,,,,,,,,,,33,35.221782323999996,,,,,,,,,,,,,,,,,,,,,,,,,,,,,,,,,,,,
26/10/18,18:26:18,,,,,,,,,,,,,,,,,,,,,,,,,,,33,35.221782323999996,,,,,,,,,,,,,,,,,,,,,,,,,,,,,,,,,,,,
26/10/18,18:26:26,,,,,,,,,,,,,,,,,,,,,,,,,,,33,35.221782323999996,,,,,,,,,,,,,,,,,,,,,,,,,,,,,,,,,,,,
26/10/18,18:26:27,,,,,,,,,,,,,,,,,,,,,,,,,,,,,,,,,,,,,,,,,,,,,,,,,,,,,,,,,,,,,,,,
26/10/18,18:26:35,,,,,,,,,,,,,,,,,,,,,,,,,,,33,35.221782323999996,,,,,,,,,,,,,,,,,,,,,,,,,,,,,,,,,,,,
26/10/18,18:26:48,,,,,,,,,,,,,,,,,,,,,,,,,,,33,35.221782323999996,,,,,,,,,,,,,,,,,,,,,,,,,,,,,,,,,,,,
26/10/18,18:26:56,,,,,,,,,,,,,,,,,,,,,,,,,,,33,35.221782323999996,,,,,,,,,,,,,,,,,,,,,,,,,,,,,,,,,,,,
26/10/18,18:26:57,,,,,,,,,,,,,,,,,,,,,,,,,,,,,,,,,,,,,,,,,,,,,,,,,,,,,,,,,,,,,,,,
26/10/18,18:27:05,,,,,,,,,,,,,,,,,,,,,,,,,,,33,35.221782323999996,,,,,,,,,,,,,,,,,,,,,,,,,,,,,,,,,,,,
26/10/18,18:27:18,,,,,,,,,,,,,,,,,,,,,,,,,,,33,35.221782323999996,,,,,,,,,,,,,,,,,,,,,,,,,,,,,,,,,,,,
26/10/18,18:27:26,,,,,,,,,,,,,,,,,,,,,,,,,,,33,35.221782323999996,,,,,,,,,,,,,,,,,,,,,,,,,,,,,,,,,,,,
26/10/18,18:27:27,,,,,,,,,,,,,,,,,,,,,,,,,,,,,,,,,,,,,,,,,,,,,,,,,,,,,,,,,,,,,,,,
26/10/18,18:27:35,,,,,,,,,,,,,,,,,,,,,,,,,,,33,35.221782323999996,,,,,,,,,,,,,,,,,,,,,,,,,,,,,,,,,,,,
26/10/18,18:27:48,,,,,,,,,,,,,,,,,,,,,,,,,,,33,35.221782323999996,,,,,,,,,,,,,,,,,,,,,,,,,,,,,,,,,,,,
26/10/18,18:27:56,,,,,,,,,,,,,,,,,,,,,,,,,,,33,35.221782323999996,,,,,,,,,,,,,,,,,,,,,,,,,,,,,,,,,,,,
26/10/18,18:27:57,,,,,,,,,,,,,,,,,,,,,,,,,,,,,,,,,,,,,,,,,,,,,,,,,,,,,,,,,,,,,,,,
26/10/18,18:28:05,,,,,,,,,,,,,,,,,,,,,,,,,,,33,35.221782323999996,,,,,,,,,,,,,,,,,,,,,,,,,,,,,,,,,,,,
26/10/18,18:28:18,,,,,,,,,,,,,,,,,,,,,,,,,,,33,35.221782323999996,,,,,,,,,,,,,,,,,,,,,,,,,,,,,,,,,,,,
26/10/18,18:28:26,,,,,,,,,,,,,,,,,,,,,,,,,,,33,35.221782323999996,,,,,,,,,,,,,,,,,,,,,,,,,,,,,,,,,,,,
26/10/18,18:28:27,,,,,,,,,,,,,,,,,,,,,,,,,,,,,,,,,,,,,,,,,,,,,,,,,,,,,,,,,,,,,,,,
26/10/18,18:28:35,,,,,,,,,,,,,,,,,,,,,,,,,,,33,35.221782323999996,,,,,,,,,,,,,,,,,,,,,,,,,,,,,,,,,,,,
26/10/18,18:28:48,,,,,,,,,,,,,,,,,,,,,,,,,,,33,35.221782323999996,,,,,,,,,,,,,,,,,,,,,,,,,,,,,,,,,,,,
26/10/18,18:28:56,,,,,,,,,,,,,,,,,,,,,,,,,,,33,35.221782323999996,,,,,,,,,,,,,,,,,,,,,,,,,,,,,,,,,,,,
26/10/18,18:28:57,,,,,,,,,,,,,,,,,,,,,,,,,,,,,,,,,,,,,,,,,,,,,,,,,,,,,,,,,,,,,,,,
26/10/18,18:29:05,,,,,,,,,,,,,,,,,,,,,,,,,,,33,35.221782323999996,,,,,,,,,,,,,,,,,,,,,,,,,,,,,,,,,,,,
26/10/18,18:29:18,,,,,,,,,,,,,,,,,,,,,,,,,,,33,35.221782323999996,,,,,,,,,,,,,,,,,,,,,,,,,,,,,,,,,,,,
26/10/18,18:29:26,,,,,,,,,,,,,,,,,,,,,,,,,,,33,35.221782323999996,,,,,,,,,,,,,,,,,,,,,,,,,,,,,,,,,,,,
26/10/18,18:29:27,,,,,,,,,,,,,,,,,,,,,,,,,,,,,,,,,,,,,,,,,,,,,,,,,,,,,,,,,,,,,,,,
26/10/18,18:29:35,,,,,,,,,,,,,,,,,,,,,,,,,,,33,35.221782323999996,,,,,,,,,,,,,,,,,,,,,,,,,,,,,,,,,,,,
26/10/18,18:29:48,,,,,,,,,,,,,,,,,,,,,,,,,,,33,35.221782323999996,,,,,,,,,,,,,,,,,,,,,,,,,,,,,,,,,,,,
26/10/18,18:29:56,,,,,,,,,,,,,,,,,,,,,,,,,,,33,35.221782323999996,,,,,,,,,,,,,,,,,,,,,,,,,,,,,,,,,,,,
26/10/18,18:29:57,,,,,,,,,,,,,,,,,,,,,,,,,,,,,,,,,,,,,,,,,,,,,,,,,,,,,,,,,,,,,,,,
26/10/18,18:30:05,,,,,,,,,,,,,,,,,,,,,,,,,,,33,35.221782323999996,,,,,,,,,,,,,,,,,,,,,,,,,,,,,,,,,,,,
26/10/18,18:30:18,,,,,,,,,,,,,,,,,,,,,,,,,,,33,35.221782323999996,,,,,,,,,,,,,,,,,,,,,,,,,,,,,,,,,,,,
26/10/18,18:30:26,,,,,,,,,,,,,,,,,,,,,,,,,,,33,35.221782323999996,,,,,,,,,,,,,,,,,,,,,,,,,,,,,,,,,,,,
26/10/18,18:30:27,,,,,,,,,,,,,,,,,,,,,,,,,,,,,,,,,,,,,,,,,,,,,,,,,,,,,,,,,,,,,,,,
26/10/18,18:30:35,,,,,,,,,,,,,,,,,,,,,,,,,,,32,34.7011978385,,,,,,,,,,,,,,,,,,,,,,,,,,,,,,,,,,,,
26/10/18,18:30:48,,,,,,,,,,,,,,,,,,,,,,,,,,,33,35.221782323999996,,,,,,,,,,,,,,,,,,,,,,,,,,,,,,,,,,,,
26/10/18,18:30:56,,,,,,,,,,,,,,,,,,,,,,,,,,,33,35.221782323999996,,,,,,,,,,,,,,,,,,,,,,,,,,,,,,,,,,,,
26/10/18,18:30:57,,,,,,,,,,,,,,,,,,,,,,,,,,,,,,,,,,,,,,,,,,,,,,,,,,,,,,,,,,,,,,,,
26/10/18,18:31:05,,,,,,,,,,,,,,,,,,,,,,,,,,,33,35.221782323999996,,,,,,,,,,,,,,,,,,,,,,,,,,,,,,,,,,,,
26/10/18,18:31:18,,,,,,,,,,,,,,,,,,,,,,,,,,,32,34.7011978385,,,,,,,,,,,,,,,,,,,,,,,,,,,,,,,,,,,,
26/10/18,18:31:26,,,,,,,,,,,,,,,,,,,,,,,,,,,33,35.221782323999996,,,,,,,,,,,,,,,,,,,,,,,,,,,,,,,,,,,,
26/10/18,18:31:27,,,,,,,,,,,,,,,,,,,,,,,,,,,,,,,,,,,,,,,,,,,,,,,,,,,,,,,,,,,,,,,,
26/10/18,18:31:35,,,,,,,,,,,,,,,,,,,,,,,,,,,33,35.221782323999996,,,,,,,,,,,,,,,,,,,,,,,,,,,,,,,,,,,,
26/10/18,18:31:48,,,,,,,,,,,,,,,,,,,,,,,,,,,33,35.221782323999996,,,,,,,,,,,,,,,,,,,,,,,,,,,,,,,,,,,,
26/10/18,18:31:56,,,,,,,,,,,,,,,,,,,,,,,,,,,33,35.221782323999996,,,,,,,,,,,,,,,,,,,,,,,,,,,,,,,,,,,,
26/10/18,18:31:57,,,,,,,,,,,,,,,,,,,,,,,,,,,,,,,,,,,,,,,,,,,,,,,,,,,,,,,,,,,,,,,,
26/10/18,18:32:05,,,,,,,,,,,,,,,,,,,,,,,,,,,33,35.221782323999996,,,,,,,,,,,,,,,,,,,,,,,,,,,,,,,,,,,,
26/10/18,18:32:18,,,,,,,,,,,,,,,,,,,,,,,,,,,33,35.221782323999996,,,,,,,,,,,,,,,,,,,,,,,,,,,,,,,,,,,,
26/10/18,18:32:26,,,,,,,,,,,,,,,,,,,,,,,,,,,33,35.221782323999996,,,,,,,,,,,,,,,,,,,,,,,,,,,,,,,,,,,,
26/10/18,18:32:27,,,,,,,,,,,,,,,,,,,,,,,,,,,,,,,,,,,,,,,,,,,,,,,,,,,,,,,,,,,,,,,,
26/10/18,18:32:35,,,,,,,,,,,,,,,,,,,,,,,,,,,33,35.221782323999996,,,,,,,,,,,,,,,,,,,,,,,,,,,,,,,,,,,,
26/10/18,18:32:48,,,,,,,,,,,,,,,,,,,,,,,,,,,33,35.221782323999996,,,,,,,,,,,,,,,,,,,,,,,,,,,,,,,,,,,,
26/10/18,18:32:56,,,,,,,,,,,,,,,,,,,,,,,,,,,33,35.221782323999996,,,,,,,,,,,,,,,,,,,,,,,,,,,,,,,,,,,,
26/10/18,18:32:57,,,,,,,,,,,,,,,,,,,,,,,,,,,,,,,,,,,,,,,,,,,,,,,,,,,,,,,,,,,,,,,,
26/10/18,18:33:05,,,,,,,,,,,,,,,,,,,,,,,,,,,33,35.221782323999996,,,,,,,,,,,,,,,,,,,,,,,,,,,,,,,,,,,,
26/10/18,18:33:18,,,,,,,,,,,,,,,,,,,,,,,,,,,33,35.221782323999996,,,,,,,,,,,,,,,,,,,,,,,,,,,,,,,,,,,,
26/10/18,18:33:26,,,,,,,,,,,,,,,,,,,,,,,,,,,33,35.221782323999996,,,,,,,,,,,,,,,,,,,,,,,,,,,,,,,,,,,,
26/10/18,18:33:27,,,,,,,,,,,,,,,,,,,,,,,,,,,,,,,,,,,,,,,,,,,,,,,,,,,,,,,,,,,,,,,,
26/10/18,18:33:35,,,,,,,,,,,,,,,,,,,,,,,,,,,33,35.221782323999996,,,,,,,,,,,,,,,,,,,,,,,,,,,,,,,,,,,,
26/10/18,18:33:48,,,,,,,,,,,,,,,,,,,,,,,,,,,33,35.221782323999996,,,,,,,,,,,,,,,,,,,,,,,,,,,,,,,,,,,,
26/10/18,18:33:56,,,,,,,,,,,,,,,,,,,,,,,,,,,33,35.221782323999996,,,,,,,,,,,,,,,,,,,,,,,,,,,,,,,,,,,,
26/10/18,18:33:57,,,,,,,,,,,,,,,,,,,,,,,,,,,,,,,,,,,,,,,,,,,,,,,,,,,,,,,,,,,,,,,,
26/10/18,18:34:05,,,,,,,,,,,,,,,,,,,,,,,,,,,33,35.221782323999996,,,,,,,,,,,,,,,,,,,,,,,,,,,,,,,,,,,,
26/10/18,18:34:18,,,,,,,,,,,,,,,,,,,,,,,,,,,33,35.221782323999996,,,,,,,,,,,,,,,,,,,,,,,,,,,,,,,,,,,,
26/10/18,18:34:26,,,,,,,,,,,,,,,,,,,,,,,,,,,33,35.221782323999996,,,,,,,,,,,,,,,,,,,,,,,,,,,,,,,,,,,,
26/10/18,18:34:27,,,,,,,,,,,,,,,,,,,,,,,,,,,,,,,,,,,,,,,,,,,,,,,,,,,,,,,,,,,,,,,,
26/10/18,18:34:35,,,,,,,,,,,,,,,,,,,,,,,,,,,33,35.221782323999996,,,,,,,,,,,,,,,,,,,,,,,,,,,,,,,,,,,,
26/10/18,18:34:48,,,,,,,,,,,,,,,,,,,,,,,,,,,33,35.221782323999996,,,,,,,,,,,,,,,,,,,,,,,,,,,,,,,,,,,,
26/10/18,18:34:56,,,,,,,,,,,,,,,,,,,,,,,,,,,33,35.221782323999996,,,,,,,,,,,,,,,,,,,,,,,,,,,,,,,,,,,,
26/10/18,18:34:57,,,,,,,,,,,,,,,,,,,,,,,,,,,,,,,,,,,,,,,,,,,,,,,,,,,,,,,,,,,,,,,,
26/10/18,18:35:05,,,,,,,,,,,,,,,,,,,,,,,,,,,33,35.221782323999996,,,,,,,,,,,,,,,,,,,,,,,,,,,,,,,,,,,,
26/10/18,18:35:18,,,,,,,,,,,,,,,,,,,,,,,,,,,33,35.221782323999996,,,,,,,,,,,,,,,,,,,,,,,,,,,,,,,,,,,,
26/10/18,18:35:26,,,,,,,,,,,,,,,,,,,,,,,,,,,33,35.221782323999996,,,,,,,,,,,,,,,,,,,,,,,,,,,,,,,,,,,,
26/10/18,18:35:27,,,,,,,,,,,,,,,,,,,,,,,,,,,,,,,,,,,,,,,,,,,,,,,,,,,,,,,,,,,,,,,,
26/10/18,18:35:35,,,,,,,,,,,,,,,,,,,,,,,,,,,33,35.221782323999996,,,,,,,,,,,,,,,,,,,,,,,,,,,,,,,,,,,,
26/10/18,18:35:48,,,,,,,,,,,,,,,,,,,,,,,,,,,33,35.221782323999996,,,,,,,,,,,,,,,,,,,,,,,,,,,,,,,,,,,,
26/10/18,18:35:56,,,,,,,,,,,,,,,,,,,,,,,,,,,33,35.221782323999996,,,,,,,,,,,,,,,,,,,,,,,,,,,,,,,,,,,,
26/10/18,18:35:57,,,,,,,,,,,,,,,,,,,,,,,,,,,,,,,,,,,,,,,,,,,,,,,,,,,,,,,,,,,,,,,,
26/10/18,18:36:05,,,,,,,,,,,,,,,,,,,,,,,,,,,33,35.221782323999996,,,,,,,,,,,,,,,,,,,,,,,,,,,,,,,,,,,,
26/10/18,18:36:18,,,,,,,,,,,,,,,,,,,,,,,,,,,33,35.221782323999996,,,,,,,,,,,,,,,,,,,,,,,,,,,,,,,,,,,,
26/10/18,18:36:26,,,,,,,,,,,,,,,,,,,,,,,,,,,33,35.221782323999996,,,,,,,,,,,,,,,,,,,,,,,,,,,,,,,,,,,,
26/10/18,18:36:27,,,,,,,,,,,,,,,,,,,,,,,,,,,,,,,,,,,,,,,,,,,,,,,,,,,,,,,,,,,,,,,,
26/10/18,18:36:35,,,,,,,,,,,,,,,,,,,,,,,,,,,33,35.221782323999996,,,,,,,,,,,,,,,,,,,,,,,,,,,,,,,,,,,,
26/10/18,18:36:48,,,,,,,,,,,,,,,,,,,,,,,,,,,33,35.221782323999996,,,,,,,,,,,,,,,,,,,,,,,,,,,,,,,,,,,,
26/10/18,18:36:56,,,,,,,,,,,,,,,,,,,,,,,,,,,33,35.221782323999996,,,,,,,,,,,,,,,,,,,,,,,,,,,,,,,,,,,,
26/10/18,18:36:57,,,,,,,,,,,,,,,,,,,,,,,,,,,,,,,,,,,,,,,,,,,,,,,,,,,,,,,,,,,,,,,,
26/10/18,18:37:05,,,,,,,,,,,,,,,,,,,,,,,,,,,33,35.221782323999996,,,,,,,,,,,,,,,,,,,,,,,,,,,,,,,,,,,,
26/10/18,18:37:18,,,,,,,,,,,,,,,,,,,,,,,,,,,33,35.221782323999996,,,,,,,,,,,,,,,,,,,,,,,,,,,,,,,,,,,,
26/10/18,18:37:26,,,,,,,,,,,,,,,,,,,,,,,,,,,34,36.262951295,,,,,,,,,,,,,,,,,,,,,,,,,,,,,,,,,,,,
26/10/18,18:37:27,,,,,,,,,,,,,,,,,,,,,,,,,,,,,,,,,,,,,,,,,,,,,,,,,,,,,,,,,,,,,,,,
26/10/18,18:37:35,,,,,,,,,,,,,,,,,,,,,,,,,,,33,35.221782323999996,,,,,,,,,,,,,,,,,,,,,,,,,,,,,,,,,,,,
26/10/18,18:37:48,,,,,,,,,,,,,,,,,,,,,,,,,,,33,35.56883864766667,,,,,,,,,,,,,,,,,,,,,,,,,,,,,,,,,,,,
26/10/18,18:37:56,,,,,,,,,,,,,,,,,,,,,,,,,,,33,35.221782323999996,,,,,,,,,,,,,,,,,,,,,,,,,,,,,,,,,,,,
26/10/18,18:37:57,,,,,,,,,,,,,,,,,,,,,,,,,,,,,,,,,,,,,,,,,,,,,,,,,,,,,,,,,,,,,,,,
26/10/18,18:38:05,,,,,,,,,,,,,,,,,,,,,,,,,,,33,35.221782323999996,,,,,,,,,,,,,,,,,,,,,,,,,,,,,,,,,,,,
26/10/18,18:38:18,,,,,,,,,,,,,,,,,,,,,,,,,,,33,35.56883864766667,,,,,,,,,,,,,,,,,,,,,,,,,,,,,,,,,,,,
26/10/18,18:38:26,,,,,,,,,,,,,,,,,,,,,,,,,,,34,36.262951295,,,,,,,,,,,,,,,,,,,,,,,,,,,,,,,,,,,,
26/10/18,18:38:27,,,,,,,,,,,,,,,,,,,,,,,,,,,,,,,,,,,,,,,,,,,,,,,,,,,,,,,,,,,,,,,,
26/10/18,18:38:35,,,,,,,,,,,,,,,,,,,,,,,,,,,34,36.262951295,,,,,,,,,,,,,,,,,,,,,,,,,,,,,,,,,,,,
26/10/18,18:38:48,,,,,,,,,,,,,,,,,,,,,,,,,,,33,35.221782323999996,,,,,,,,,,,,,,,,,,,,,,,,,,,,,,,,,,,,
26/10/18,18:38:56,,,,,,,,,,,,,,,,,,,,,,,,,,,34,36.262951295,,,,,,,,,,,,,,,,,,,,,,,,,,,,,,,,,,,,
26/10/18,18:38:57,,,,,,,,,,,,,,,,,,,,,,,,,,,,,,,,,,,,,,,,,,,,,,,,,,,,,,,,,,,,,,,,
26/10/18,18:39:05,,,,,,,,,,,,,,,,,,,,,,,,,,,33,35.7423668095,,,,,,,,,,,,,,,,,,,,,,,,,,,,,,,,,,,,
26/10/18,18:39:18,,,,,,,,,,,,,,,,,,,,,,,,,,,33,35.56883864766667,,,,,,,,,,,,,,,,,,,,,,,,,,,,,,,,,,,,
26/10/18,18:39:26,,,,,,,,,,,,,,,,,,,,,,,,,,,33,35.221782323999996,,,,,,,,,,,,,,,,,,,,,,,,,,,,,,,,,,,,
26/10/18,18:39:27,,,,,,,,,,,,,,,,,,,,,,,,,,,34,36.262951295,,,,,,,,,,,,,,,,,,,,,,,,,,,,,,,,,,,,
26/10/18,18:39:35,,,,,,,,,,,,,,,,,,,,,,,,,,,34,36.262951295,,,,,,,,,,,,,,,,,,,,,,,,,,,,,,,,,,,,
26/10/18,18:39:48,,,,,,,,,,,,,,,,,,,,,,,,,,,34,36.262951295,,,,,,,,,,,,,,,,,,,,,,,,,,,,,,,,,,,,
26/10/18,18:39:56,,,,,,,,,,,,,,,,,,,,,,,,,,,34,36.262951295,,,,,,,,,,,,,,,,,,,,,,,,,,,,,,,,,,,,
26/10/18,18:39:57,,,,,,,,,,,,,,,,,,,,,,,,,,,,,,,,,,,,,,,,,,,,,,,,,,,,,,,,,,,,,,,,
26/10/18,18:40:05,,,,,,,,,,,,,,,,,,,,,,,,,,,34,36.262951295,,,,,,,,,,,,,,,,,,,,,,,,,,,,,,,,,,,,
26/10/18,18:40:18,,,,,,,,,,,,,,,,,,,,,,,,,,,34,36.262951295,,,,,,,,,,,,,,,,,,,,,,,,,,,,,,,,,,,,
26/10/18,18:40:26,,,,,,,,,,,,,,,,,,,,,,,,,,,34,36.262951295,,,,,,,,,,,,,,,,,,,,,,,,,,,,,,,,,,,,
26/10/18,18:40:27,,,,,,,,,,,,,,,,,,,,,,,,,,,34,36.262951295,,,,,,,,,,,,,,,,,,,,,,,,,,,,,,,,,,,,
26/10/18,18:40:35,,,,,,,,,,,,,,,,,,,,,,,,,,,34,36.262951295,,,,,,,,,,,,,,,,,,,,,,,,,,,,,,,,,,,,
26/10/18,18:40:48,,,,,,,,,,,,,,,,,,,,,,,,,,,34,36.262951295,,,,,,,,,,,,,,,,,,,,,,,,,,,,,,,,,,,,
26/10/18,18:40:56,,,,,,,,,,,,,,,,,,,,,,,,,,,34,36.262951295,,,,,,,,,,,,,,,,,,,,,,,,,,,,,,,,,,,,
26/10/18,18:40:57,,,,,,,,,,,,,,,,,,,,,,,,,,,,,,,,,,,,,,,,,,,,,,,,,,,,,,,,,,,,,,,,
26/10/18,18:41:05,,,,,,,,,,,,,,,,,,,,,,,,,,,34,36.262951295,,,,,,,,,,,,,,,,,,,,,,,,,,,,,,,,,,,,
26/10/18,18:41:18,,,,,,,,,,,,,,,,,,,,,,,,,,,34,36.262951295,,,,,,,,,,,,,,,,,,,,,,,,,,,,,,,,,,,,
26/10/18,18:41:26,,,,,,,,,,,,,,,,,,,,,,,,,,,34,36.262951295,,,,,,,,,,,,,,,,,,,,,,,,,,,,,,,,,,,,
26/10/18,18:41:27,,,,,,,,,,,,,,,,,,,,,,,,,,,34,36.262951295,,,,,,,,,,,,,,,,,,,,,,,,,,,,,,,,,,,,
26/10/18,18:41:35,,,,,,,,,,,,,,,,,,,,,,,,,,,34,36.262951295,,,,,,,,,,,,,,,,,,,,,,,,,,,,,,,,,,,,
26/10/18,18:41:48,,,,,,,,,,,,,,,,,,,,,,,,,,,34,36.262951295,,,,,,,,,,,,,,,,,,,,,,,,,,,,,,,,,,,,
26/10/18,18:41:56,,,,,,,,,,,,,,,,,,,,,,,,,,,34,36.262951295,,,,,,,,,,,,,,,,,,,,,,,,,,,,,,,,,,,,
26/10/18,18:41:57,,,,,,,,,,,,,,,,,,,,,,,,,,,,,,,,,,,,,,,,,,,,,,,,,,,,,,,,,,,,,,,,
26/10/18,18:42:05,,,,,,,,,,,,,,,,,,,,,,,,,,,34,36.262951295,,,,,,,,,,,,,,,,,,,,,,,,,,,,,,,,,,,,
26/10/18,18:42:18,,,,,,,,,,,,,,,,,,,,,,,,,,,34,36.262951295,,,,,,,,,,,,,,,,,,,,,,,,,,,,,,,,,,,,
26/10/18,18:42:26,,,,,,,,,,,,,,,,,,,,,,,,,,,34,36.262951295,,,,,,,,,,,,,,,,,,,,,,,,,,,,,,,,,,,,
26/10/18,18:42:27,,,,,,,,,,,,,,,,,,,,,,,,,,,34,36.262951295,,,,,,,,,,,,,,,,,,,,,,,,,,,,,,,,,,,,
26/10/18,18:42:35,,,,,,,,,,,,,,,,,,,,,,,,,,,34,36.262951295,,,,,,,,,,,,,,,,,,,,,,,,,,,,,,,,,,,,
26/10/18,18:42:48,,,,,,,,,,,,,,,,,,,,,,,,,,,34,36.262951295,,,,,,,,,,,,,,,,,,,,,,,,,,,,,,,,,,,,
26/10/18,18:42:56,,,,,,,,,,,,,,,,,,,,,,,,,,,34,36.262951295,,,,,,,,,,,,,,,,,,,,,,,,,,,,,,,,,,,,
26/10/18,18:42:57,,,,,,,,,,,,,,,,,,,,,,,,,,,,,,,,,,,,,,,,,,,,,,,,,,,,,,,,,,,,,,,,
26/10/18,18:43:05,,,,,,,,,,,,,,,,,,,,,,,,,,,34,36.262951295,,,,,,,,,,,,,,,,,,,,,,,,,,,,,,,,,,,,
26/10/18,18:43:18,,,,,,,,,,,,,,,,,,,,,,,,,,,34,36.262951295,,,,,,,,,,,,,,,,,,,,,,,,,,,,,,,,,,,,
26/10/18,18:43:26,,,,,,,,,,,,,,,,,,,,,,,,,,,34,36.262951295,,,,,,,,,,,,,,,,,,,,,,,,,,,,,,,,,,,,
26/10/18,18:43:27,,,,,,,,,,,,,,,,,,,,,,,,,,,34,36.262951295,,,,,,,,,,,,,,,,,,,,,,,,,,,,,,,,,,,,
26/10/18,18:43:35,,,,,,,,,,,,,,,,,,,,,,,,,,,34,36.262951295,,,,,,,,,,,,,,,,,,,,,,,,,,,,,,,,,,,,
26/10/18,18:43:48,,,,,,,,,,,,,,,,,,,,,,,,,,,34,36.262951295,,,,,,,,,,,,,,,,,,,,,,,,,,,,,,,,,,,,
26/10/18,18:43:56,,,,,,,,,,,,,,,,,,,,,,,,,,,34,36.262951295,,,,,,,,,,,,,,,,,,,,,,,,,,,,,,,,,,,,
26/10/18,18:43:57,,,,,,,,,,,,,,,,,,,,,,,,,,,,,,,,,,,,,,,,,,,,,,,,,,,,,,,,,,,,,,,,
26/10/18,18:44:05,,,,,,,,,,,,,,,,,,,,,,,,,,,34,36.262951295,,,,,,,,,,,,,,,,,,,,,,,,,,,,,,,,,,,,
26/10/18,18:44:18,,,,,,,,,,,,,,,,,,,,,,,,,,,34,36.262951295,,,,,,,,,,,,,,,,,,,,,,,,,,,,,,,,,,,,
26/10/18,18:44:26,,,,,,,,,,,,,,,,,,,,,,,,,,,34,36.262951295,,,,,,,,,,,,,,,,,,,,,,,,,,,,,,,,,,,,
